,x,y,z,region,detailRegion,roughRegion
201573_026_reg,2872.44929,2954.76932,4787.33612,ORBvl,ORBvl-6a,CTX
194784_064_reg,2074.02614,3137.82215,4766.87358,ORBvl,ORBvl-1,CTX
192309_054_reg,2135.10137,2977.07893,4732.15319,ORBvl,ORBvl-2/3,CTX
17100_063_reg,2640.46701,3048.37871,4665.5154,ORBvl,ORBvl-5,CTX
195791_037_reg,3277.58363,4235.10107,5015.57822,ORBvl,ORBvl-5,CTX
195787_019_reg,3122.68377,3926.96617,5019.98161,ORBvl,ORBvl-5,CTX
195791_029_reg,2831.79908,4145.46837,5390.38309,ORBvl,ORBvl-2/3,CTX
17898_055_reg,3348.44674,3644.6838,4817.89147,ORBvl,ORBvl-6a,CTX
201575_028_reg,2481.08717,3849.8964,5005.4406,ORBvl,ORBvl-1,CTX
200297_117_reg,3374.12128,4180.73315,4903.81651,ORBvl,ORBvl-5,CTX
17898_029_reg,3432.2706,3761.78769,4850.57134,ORBvl,ORBvl-6a,CTX
200293_044_reg,3098.93611,4368.54721,5245.39002,ORBvl,ORBvl-2/3,CTX
194782_073_reg,2420.23444,3384.20973,4683.53144,ORBvl,ORBvl-2/3,CTX
195781_023_reg,3235.21239,3965.45535,4879.69961,ORBvl,ORBvl-5,CTX
200294_037_reg,3474.47691,4346.11602,4813.29848,ORBvl,ORBvl-6a,CTX
195787_026_reg,3185.82554,4212.05104,5036.18156,ORBvl,ORBvl-5,CTX
17897_049_reg,3053.25555,3330.38004,4810.71873,ORBvl,ORBvl-6a,CTX
17100_085_reg,2693.81016,3136.86006,4639.65406,ORBvl,ORBvl-5,CTX
194782_082_reg,2067.33375,3018.9134,4847.60033,ORBvl,ORBvl-2/3,CTX
195818_025_reg,2716.70691,4227.18296,5132.28096,ORBvl,ORBvl-1,CTX
201577_039_reg,3281.65102,3835.48352,4675.07349,ORBvl,ORBvl-5,CTX
17896_026_reg,2849.31493,3739.93589,4948.22212,ORBvl,ORBvl-5,CTX
17896_019_reg,3029.33199,3932.14588,4752.61826,ORBvl,ORBvl-2/3,CTX
200294_035_reg,3303.86034,4316.29062,4847.36363,ORBvl,ORBvl-2/3,CTX
194780_070_reg,2419.39205,3237.0074,4679.33249,ORBvl,ORBvl-5,CTX
200299_039_reg,3221.49216,4172.43916,5059.58261,ORBvl,ORBvl-5,CTX
200297_091_reg,3096.14811,4001.06065,5095.78815,ORBvl,ORBvl-5,CTX
17897_012_reg,3037.19216,3312.02578,4770.19036,ORBvl,ORBvl-6a,CTX
194783_075_reg,3074.16352,3337.20578,4535.19491,ORBvl,ORBvl-6a,CTX
17100_120_reg,2642.57118,3279.77637,4687.49385,ORBvl,ORBvl-5,CTX
201568_044_reg,2367.38636,3496.26384,4972.71562,ORBvl,ORBvl-1,CTX
194784_065_reg,2950.13576,3423.31577,4539.12551,ORBvl,ORBvl-5,CTX
17897_017_reg,3009.94633,3641.38559,4823.9691,ORBvl,ORBvl-5,CTX
200297_075_reg,2974.92522,4150.67779,5087.98754,ORBvl,ORBvl-2/3,CTX
195786_002_reg,3130.28802,3514.49143,4559.88664,ORBvl,ORBvl-5,CTX
194810_067_reg,2983.12167,3428.63642,4486.40821,ORBvl,ORBvl-5,CTX
194784_075_reg,2379.51797,3411.634,4748.16649,ORBvl,ORBvl-2/3,CTX
194783_049_reg,2468.25609,3515.49023,4745.45884,ORBvl,ORBvl-2/3,CTX
192310_027_reg,2315.0868,3225.20293,4764.04985,ORBvl,ORBvl-2/3,CTX
192310_118_reg,2312.46037,3279.53744,4904.04138,ORBvl,ORBvl-2/3,CTX
194781_024_reg,2536.75569,3178.77279,4818.37102,ORBvl,ORBvl-5,CTX
200294_026_reg,3124.23248,4309.15645,5003.70568,ORBvl,ORBvl-2/3,CTX
194783_096_reg,2518.62024,3293.82432,4879.39693,ORBvl,ORBvl-5,CTX
17897_040_reg,3071.51897,3548.22127,4751.42654,ORBvl,ORBvl-5,CTX
194780_066_reg,2667.18154,3139.23639,4661.80352,ORBvl,ORBvl-5,CTX
201577_035_reg,3247.23631,3538.28109,4729.42914,ORBvl,ORBvl-6a,CTX
195781_012_reg,3101.89438,3944.49682,4825.51743,ORBvl,ORBvl-5,CTX
194782_130_reg,2328.89755,3441.94606,4678.30912,ORBvl,ORBvl-1,CTX
195817_034_reg,2384.26234,3616.16916,5205.00211,ORBvl,ORBvl-1,CTX
195817_035_reg,2663.84503,3559.78695,4994.43915,ORBvl,ORBvl-5,CTX
194784_083_reg,2629.41748,3480.86383,4829.11028,ORBvl,ORBvl-5,CTX
194781_029_reg,2412.7198,3451.96868,4963.99872,ORBvl,ORBvl-2/3,CTX
195817_031_reg,2924.3753,3845.30266,5065.98197,ORBvl,ORBvl-5,CTX
200290_004_reg,2761.0445,3385.48246,4874.81306,ORBvl,ORBvl-5,CTX
200297_124_reg,2383.24197,3216.44463,4838.40494,ORBvl,ORBvl-2/3,CTX
194786_111_reg,2035.22979,3040.16734,4805.5452,ORBvl,ORBvl-1,CTX
194781_005_reg,2324.05312,3038.58355,4861.96593,ORBvl,ORBvl-5,CTX
194784_069_reg,2623.56335,3379.20098,4593.35676,ORBvl,ORBvl-5,CTX
195789_038_reg,2984.96321,4236.3591,5205.49864,ORBvl,ORBvl-2/3,CTX
195817_097_reg,2438.64571,3780.85436,5310.97232,ORBvl,ORBvl-1,CTX
195787_011_reg,3091.4689,3882.07586,5036.16912,ORBvl,ORBvl-5,CTX
194783_088_reg,2818.80887,3324.02113,4596.51532,ORBvl,ORBvl-5,CTX
201568_047_reg,2617.33022,3388.33494,5033.46241,ORBvl,ORBvl-5,CTX
201568_015_reg,2126.17621,2970.20486,4800.35019,ORBvl,ORBvl-2/3,CTX
200293_066_reg,3009.98389,4219.37434,5268.91758,ORBvl,ORBvl-2/3,CTX
194783_086_reg,3016.73103,3379.38496,4594.44372,ORBvl,ORBvl-6a,CTX
17896_028_reg,3196.82402,4215.82352,4806.95483,ORBvl,ORBvl-2/3,CTX
196549_010_reg,3155.7726,3579.01541,4553.25729,ORBvl,ORBvl-5,CTX
17896_050_reg,2837.87842,3516.28406,4736.78551,ORBvl,ORBvl-5,CTX
195784_016_reg,3501.10604,4322.41863,4649.91408,ORBvl,ORBvl-5,CTX
200297_059_reg,2760.81127,3847.25285,5224.2902,ORBvl,ORBvl-2/3,CTX
200294_042_reg,2363.54751,3002.8059,4652.83939,ORBvl,ORBvl-5,CTX
194783_084_reg,2563.92372,3450.60693,4521.33755,ORBvl,ORBvl-2/3,CTX
17897_031_reg,3076.54761,4027.90656,4815.6162,ORBvl,ORBvl-2/3,CTX
192310_006_reg,2746.83633,3216.66135,4910.1865,ORBvl,ORBvl-5,CTX
195821_010_reg,2991.8406,3871.24545,4637.82839,ORBvl,ORBvl-2/3,CTX
201568_031_reg,2440.19047,3131.09697,4928.06284,ORBvl,ORBvl-5,CTX
195787_009_reg,2690.49156,3550.50555,5094.78971,ORBvl,ORBvl-5,CTX
200297_057_reg,2837.19045,4044.3688,5179.12414,ORBvl,ORBvl-2/3,CTX
194782_011_reg,2666.4178,3769.14544,5044.40114,ORBvl,ORBvl-2/3,CTX
17896_011_reg,3038.91751,4181.1601,4947.8539,ORBvl,ORBvl-2/3,CTX
200294_001_reg,2755.13581,3464.1797,4646.28736,ORBvl,ORBvl-5,CTX
200297_005_reg,2604.74859,3486.89203,4608.92231,ORBvl,ORBvl-2/3,CTX
194779_041_reg,2527.7764,3600.22667,5163.98287,ORBvl,ORBvl-2/3,CTX
194810_001_reg,2794.17546,3464.2403,4507.74535,ORBvl,ORBvl-5,CTX
194784_086_reg,2768.05836,3624.4804,4888.03406,ORBvl,ORBvl-5,CTX
200294_047_reg,2992.00632,3786.50973,4687.17138,ORBvl,ORBvl-5,CTX
17099_002_reg,2520.82424,3165.303,5126.57496,ORBvl,ORBvl-5,CTX
194783_092_reg,2616.69541,3300.41922,4711.85257,ORBvl,ORBvl-5,CTX
17897_045_reg,3136.23925,4181.03987,4760.59422,ORBvl,ORBvl-2/3,CTX
194786_117_reg,2326.17937,3312.59251,4595.1457,ORBvl,ORBvl-2/3,CTX
200297_107_reg,2349.93305,3576.73678,5370.37738,ORBvl,ORBvl-1,CTX
194780_062_reg,2602.1043,3064.06174,4638.89799,ORBvl,ORBvl-5,CTX
195787_014_reg,2873.7474,3849.53875,5228.85651,ORBvl,ORBvl-5,CTX
17897_018_reg,3067.60682,3397.07036,4809.24672,ORBvl,ORBvl-6a,CTX
17896_041_reg,2963.20799,3929.31236,4867.06885,ORBvl,ORBvl-2/3,CTX
201568_032_reg,2202.07025,3002.65363,4976.16848,ORBvl,ORBvl-2/3,CTX
194781_060_reg,2042.53989,2924.26446,4802.37042,ORBvl,ORBvl-2/3,CTX
195817_043_reg,2420.84646,3488.64076,4977.80819,ORBvl,ORBvl-2/3,CTX
200290_008_reg,3051.5604,3485.77864,4613.54238,ORBvl,ORBvl-5,CTX
192311_121_reg,2964.37776,3800.18788,5360.93697,ORBm,ORBm-5,CTX
200293_005_reg,3152.1148,3567.1014,5287.16651,ORBm,ORBm-5,CTX
201568_037_reg,2088.51747,3030.47443,5316.77897,ORBm,ORBm-2/3,CTX
195788_124_reg,3007.88158,4171.25759,5538.86528,ORBm,ORBm-2/3,CTX
192311_103_reg,3099.14387,3527.10191,5307.78664,ORBm,ORBm-5,CTX
201570_027_reg,3039.21836,3237.04217,5003.66027,ORBm,ORBm-6a,CTX
200294_033_reg,3236.33652,3959.16771,5146.75407,ORBm,ORBm-5,CTX
192310_061_reg,2716.40311,3654.44805,5345.36646,ORBm,ORBm-5,CTX
201574_047_reg,2745.7225,3142.84688,5304.92441,ORBm,ORBm-5,CTX
195942_017_reg,2675.38956,3016.57732,5299.05443,ORBm,ORBm-5,CTX
201574_043_reg,2713.24842,3682.14954,5441.119,ORBm,ORBm-2/3,CTX
200293_015_reg,2946.92061,3723.10204,5325.32026,ORBm,ORBm-5,CTX
195941_014_reg,2677.44253,3257.02484,5304.51611,ORBm,ORBm-5,CTX
200293_012_reg,3016.49727,3677.92813,5254.34847,ORBm,ORBm-5,CTX
195788_111_reg,2861.52062,3955.75998,5505.73336,ORBm,ORBm-2/3,CTX
192310_001_reg,2326.55185,2942.40392,5361.85086,ORBm,ORBm-5,CTX
195788_089_reg,2982.96174,3778.49882,5502.7455,ORBm,ORBm-2/3,CTX
192310_005_reg,2555.81082,3215.81719,5336.07438,ORBm,ORBm-5,CTX
195943_038_reg,2640.92452,3184.53002,5342.23264,ORBm,ORBm-5,CTX
17898_039_reg,3276.29211,3459.29496,4891.25139,ORBm,ORBm-6a,CTX
201577_017_reg,3189.7593,3849.9653,5238.10809,ORBm,ORBm-5,CTX
194778_114_reg,2268.88004,2995.81462,5467.37824,ORBm,ORBm-2/3,CTX
194778_110_reg,2363.04334,2943.55992,5390.12871,ORBm,ORBm-5,CTX
195818_015_reg,2645.55853,3915.53882,5445.92372,ORBm,ORBm-2/3,CTX
194778_113_reg,2344.73006,3584.52883,5409.63076,ORBm,ORBm-1,CTX
201571_014_reg,2274.47604,2974.49527,5515.98423,ORBm,ORBm-1,CTX
194778_159_reg,2581.76792,3620.16031,5319.87912,ORBm,ORBm-2/3,CTX
195941_016_reg,2430.7314,3236.21212,5600.20107,ORBm,ORBm-1,CTX
201786_020_reg,2494.32611,2966.37379,5493.68751,ORBm,ORBm-2/3,CTX
201574_041_reg,3064.17414,3688.28053,5452.40907,ORBm,ORBm-5,CTX
195818_020_reg,2543.42968,3111.37886,5447.60628,ORBm,ORBm-2/3,CTX
200297_063_reg,3392.0322,4190.34332,4962.42454,ORBm,ORBm-6a,CTX
195788_072_reg,2510.62091,3246.85552,5589.58283,ORBm,ORBm-1,CTX
195789_023_reg,3036.33169,3618.37451,5204.75589,ORBm,ORBm-5,CTX
192311_048_reg,2845.66981,3053.04168,4961.5895,ORBm,ORBm-6a,CTX
201787_002_reg,2793.58165,3548.28868,5407.22858,ORBm,ORBm-5,CTX
192311_001_reg,2761.54118,2955.47838,4979.59034,ORBm,ORBm-5,CTX
195788_106_reg,2964.72616,3882.16906,5493.09053,ORBm,ORBm-2/3,CTX
201571_022_reg,2375.38565,2941.62808,5188.4783,ORBm,ORBm-5,CTX
201577_004_reg,2403.57136,3289.42575,5579.83975,ORBm,ORBm-1,CTX
195788_126_reg,3243.81293,4277.03946,5178.64236,ORBm,ORBm-5,CTX
200297_112_reg,3151.4932,4440.30876,5260.4237,ORBm,ORBm-2/3,CTX
194779_088_reg,2737.50002,3555.64251,5368.49986,ORBm,ORBm-5,CTX
195943_056_reg,2729.12508,3098.33543,5455.89892,ORBm,ORBm-5,CTX
200293_038_reg,3338.74094,4279.45061,5203.18916,ORBm,ORBm-5,CTX
200295_037_reg,2819.5268,3255.18904,5249.82944,ORBm,ORBm-5,CTX
194779_037_reg,2601.03526,3838.37342,5466.94517,ORBm,ORBm-2/3,CTX
17898_052_reg,3406.94384,3533.45895,4845.01405,ORBm,ORBm-6a,CTX
195789_040_reg,2934.50853,3914.30853,5470.9183,ORBm,ORBm-2/3,CTX
192310_119_reg,2426.57343,3290.87428,5462.95228,ORBm,ORBm-2/3,CTX
195817_001_reg,2552.10593,3133.62054,5231.95359,ORBm,ORBm-5,CTX
200297_081_reg,3303.6341,4292.60157,5092.96765,ORBm,ORBm-5,CTX
200297_064_reg,2966.95584,3834.97238,5284.76002,ORBm,ORBm-5,CTX
201786_034_reg,2893.80303,3282.09117,5483.87098,ORBm,ORBm-2/3,CTX
192311_073_reg,2585.35047,3246.83038,5288.21971,ORBm,ORBm-5,CTX
201570_009_reg,3006.09713,3177.36873,5163.47469,ORBm,ORBm-5,CTX
195788_129_reg,3131.36666,4265.42897,5287.37739,ORBm,ORBm-2/3,CTX
201574_050_reg,2777.06735,3346.15967,5503.98954,ORBm,ORBm-2/3,CTX
192310_112_reg,2757.352,3592.40709,5397.73179,ORBm,ORBm-5,CTX
195788_165_reg,3045.94894,3584.84416,5496.32128,ORBm,ORBm-2/3,CTX
195789_013_reg,2814.2269,3517.06391,5344.51364,ORBm,ORBm-5,CTX
201570_012_reg,2829.97718,3298.35576,5101.90979,ORBm,ORBm-5,CTX
201787_017_reg,2826.80952,3170.59761,5417.38661,ORBm,ORBm-5,CTX
195937_015_reg,2762.36374,3114.37886,5392.99442,ORBm,ORBm-5,CTX
195788_151_reg,3328.2713,4474.52783,5167.87997,ORBm,ORBm-2/3,CTX
194779_025_reg,2869.46617,3150.4776,5213.52776,ORBm,ORBm-5,CTX
194779_032_reg,2681.0092,3251.07901,5330.5674,ORBm,ORBm-5,CTX
201574_030_reg,2154.80246,2811.43357,5358.37503,ORBm,ORBm-2/3,CTX
192106_021_reg,3083.6463,3392.66993,5167.7439,ORBm,ORBm-5,CTX
201787_005_reg,3150.96713,3549.17568,5067.81429,ORBm,ORBm-6a,CTX
200299_028_reg,3164.40114,4149.24791,5200.2844,ORBm,ORBm-5,CTX
195788_073_reg,2785.39179,3395.65779,5329.34691,ORBm,ORBm-5,CTX
195789_015_reg,3047.25476,3899.52283,5221.11694,ORBm,ORBm-5,CTX
17099_003_reg,2531.44977,3065.55402,5242.73243,ORBm,ORBm-5,CTX
195788_081_reg,3353.14089,3746.19056,5006.86832,ORBm,ORBm-6a,CTX
195789_058_reg,2832.7407,4133.26279,5457.93538,ORBm,ORBm-2/3,CTX
201787_007_reg,2810.74622,3447.08516,5437.2353,ORBm,ORBm-5,CTX
195791_017_reg,3097.94917,4258.27592,5321.05662,ORBm,ORBm-2/3,CTX
200297_085_reg,3304.5521,4305.06806,5086.26532,ORBm,ORBm-5,CTX
195943_022_reg,2677.35881,3228.77169,5336.31875,ORBm,ORBm-5,CTX
200297_088_reg,2926.02101,4180.05269,5438.00897,ORBm,ORBm-2/3,CTX
201577_009_reg,2644.521,2960.97347,5185.9189,ORBm,ORBm-5,CTX
201787_006_reg,2910.57521,3506.1292,5346.35372,ORBm,ORBm-5,CTX
192310_098_reg,2195.27444,3265.36506,5368.89325,ORBm,ORBm-1,CTX
194779_028_reg,2601.41662,3324.59604,5396.09485,ORBm,ORBm-5,CTX
17898_051_reg,3198.5585,3409.06763,4856.77524,ORBm,ORBm-6a,CTX
192311_106_reg,2727.86518,3589.98599,5398.21243,ORBm,ORBm-5,CTX
201577_015_reg,2680.75186,3758.84218,5368.47095,ORBm,ORBm-2/3,CTX
201577_019_reg,3271.16997,4010.18625,5129.16208,ORBm,ORBm-5,CTX
195817_041_reg,2280.06449,3444.36362,5558.41545,ORBm,ORBm-1,CTX
200294_030_reg,3299.88989,4269.40261,5092.12306,ORBm,ORBm-5,CTX
200297_103_reg,3451.06358,4285.92985,5052.10367,ORBm,ORBm-6a,CTX
17898_026_reg,3359.09923,3647.79764,4869.37302,ORBm,ORBm-6a,CTX
17898_048_reg,3149.90447,3361.78552,4887.21487,ORBm,ORBm-6a,CTX
195817_056_reg,2220.17872,3165.83051,5431.74237,ORBm,ORBm-2/3,CTX
201572_025_reg,2098.17794,2996.27583,5366.91249,ORBm,ORBm-1,CTX
201574_014_reg,3233.42494,3883.0986,5204.09396,ORBm,ORBm-5,CTX
201568_036_reg,2409.09543,3692.30077,5439.54533,ORBm,ORBm-1,CTX
192310_042_reg,2644.72026,3283.6884,5445.89028,ORBm,ORBm-5,CTX
195937_021_reg,2806.96144,3065.61434,5262.14642,ORBm,ORBm-5,CTX
195619_007_reg,3587.89969,1894.64127,4991.3308,MOs,MOs-5,CTX
201759_004_reg,3328.50076,1585.65542,4281.58323,MOs,MOs-1,CTX
200199_068_reg,5071.64198,1318.49211,5310.49922,MOs,MOs-5,CTX
194525_003_reg,3939.5976,1848.96862,5163.62114,MOs,MOs-5,CTX
200294_010_reg,2319.8241,2066.64016,4753.1171,MOs,MOs-1,CTX
200198_011_reg,4610.11059,1433.1978,5147.65799,MOs,MOs-5,CTX
200199_057_reg,5002.90578,1379.03609,5351.69089,MOs,MOs-5,CTX
200579_011_reg,2866.74809,2096.34415,5086.6465,MOs,MOs-5,CTX
201764_007_reg,3246.47553,2134.68233,4686.06062,MOs,MOs-5,CTX
201573_005_reg,2732.44645,2491.31505,4377.00032,MOs,MOs-5,CTX
201767_002_reg,3232.96158,2277.08685,4637.04429,MOs,MOs-5,CTX
201730_013_reg,3529.12403,1826.45702,5187.34063,MOs,MOs-5,CTX
200199_031_reg,4726.63613,1042.55967,4982.45214,MOs,MOs-2/3,CTX
192310_122_reg,2709.87943,3330.23223,3684.0379,MOs,MOs-5,CTX
194808_008_reg,3150.37953,2004.08321,4063.72607,MOs,MOs-2/3,CTX
200293_090_reg,2697.54718,2599.6141,4296.55876,MOs,MOs-5,CTX
192106_079_reg,2342.96081,2672.97034,3479.51152,MOs,MOs-2/3,CTX
201401_022_reg,2749.26316,2236.07228,3948.52241,MOs,MOs-2/3,CTX
192310_004_reg,2065.96573,3140.18098,3796.23476,MOs,MOs-1,CTX
194527_012_reg,3750.76575,2089.47586,4966.62132,MOs,MOs-5,CTX
195838_043_reg,5070.51673,1795.28937,4958.95846,MOs,MOs-6a,CTX
194778_066_reg,2293.90769,2930.47598,3676.1154,MOs,MOs-2/3,CTX
192310_023_reg,2201.87561,3210.23858,3765.69741,MOs,MOs-2/3,CTX
194786_045_reg,2404.53517,3228.54035,3505.31855,MOs,MOs-2/3,CTX
200290_021_reg,2819.22521,2350.8351,4685.89436,MOs,MOs-5,CTX
193873_006_reg,5521.26696,1205.95682,5080.772,MOs,MOs-5,CTX
200198_012_reg,4595.76164,1520.16811,5176.39539,MOs,MOs-5,CTX
192310_079_reg,2154.64399,2738.65829,3713.75783,MOs,MOs-2/3,CTX
200196_079_reg,5148.41739,1215.70849,5240.51342,MOs,MOs-5,CTX
195614_008_reg,3231.52268,1730.90767,5220.21198,MOs,MOs-2/3,CTX
17099_023_reg,3279.89125,2588.14455,4345.64179,MOs,MOs-6a,CTX
194786_085_reg,2270.51663,3309.04269,3668.11751,MOs,MOs-2/3,CTX
201764_012_reg,3375.91742,2134.42451,4767.10399,MOs,MOs-5,CTX
194786_046_reg,2250.00855,3260.09772,3410.40836,MOs,MOs-2/3,CTX
194531_010_reg,3660.06952,2287.84985,4802.92561,MOs,MOs-6a,CTX
200583_004_reg,2506.68652,2224.97623,5107.0102,MOs,MOs-2/3,CTX
195817_105_reg,2576.99165,2006.70473,5226.19502,MOs,MOs-1,CTX
195831_012_reg,4879.43701,1368.96519,4844.40554,MOs,MOs-5,CTX
192106_002_reg,2507.19986,3393.96336,3132.0315,MOs,MOs-2/3,CTX
200197_074_reg,4297.16456,1625.39815,4725.5149,MOs,MOs-5,CTX
195782_009_reg,3091.57779,2603.51345,4553.21939,MOs,MOs-6a,CTX
201762_006_reg,3010.80778,2209.99526,4833.52431,MOs,MOs-5,CTX
195828_065_reg,4438.78646,1836.77561,5031.91819,MOs,MOs-5,CTX
194530_011_reg,3348.96875,1757.32744,5146.84301,MOs,MOs-2/3,CTX
200196_058_reg,4901.91291,972.597044,4960.84575,MOs,MOs-2/3,CTX
194780_045_reg,2395.06461,3345.79612,3673.40299,MOs,MOs-5,CTX
194530_009_reg,3024.97689,2003.25562,5232.44689,MOs,MOs-2/3,CTX
201572_006_reg,2630.04756,2423.13941,4613.41668,MOs,MOs-5,CTX
195838_046_reg,4898.31036,1873.44762,4814.34602,MOs,MOs-6a,CTX
194778_052_reg,2389.05271,2606.64424,3458.73626,MOs,MOs-2/3,CTX
201571_047_reg,2521.42473,1993.10812,4888.77408,MOs,MOs-2/3,CTX
200194_003_reg,2947.28179,1955.03317,5361.53231,MOs,MOs-2/3,CTX
194781_043_reg,2495.71802,3339.38732,3470.42463,MOs,MOs-5,CTX
200579_020_reg,3207.00982,2254.24941,4971.36282,MOs,MOs-5,CTX
194781_048_reg,2230.00395,2641.71065,3667.80896,MOs,MOs-2/3,CTX
196549_016_reg,2392.15503,2267.31665,4585.26855,MOs,MOs-2/3,CTX
194778_043_reg,2441.51545,3066.06852,3496.07708,MOs,MOs-2/3,CTX
200197_021_reg,4435.79465,1067.96359,4912.45757,MOs,MOs-1,CTX
194808_015_reg,3225.20618,2862.90843,4045.09913,MOs,MOs-6a,CTX
200199_044_reg,4826.14121,1337.34906,5405.45936,MOs,MOs-2/3,CTX
195831_033_reg,4786.09118,1104.20268,4629.41745,MOs,MOs-2/3,CTX
194779_052_reg,2226.24181,2590.52902,3667.02269,MOs,MOs-2/3,CTX
195614_010_reg,3250.66226,1865.42116,5254.14331,MOs,MOs-2/3,CTX
196548_038_reg,2753.22461,1714.9096,4807.81053,MOs,MOs-1,CTX
200198_002_reg,4767.07137,1382.65877,4947.72594,MOs,MOs-5,CTX
201759_008_reg,3313.18902,2161.47512,4779.52982,MOs,MOs-5,CTX
194786_032_reg,2188.58727,3088.23107,3465.06441,MOs,MOs-2/3,CTX
200296_016_reg,2918.60608,2464.16339,4384.36836,MOs,MOs-5,CTX
195827_007_reg,5472.24774,1031.32255,4960.6917,MOs,MOs-5,CTX
195828_064_reg,4527.64128,1196.33464,4972.42154,MOs,MOs-2/3,CTX
195618_006_reg,3347.14658,2216.05688,4901.91005,MOs,MOs-5,CTX
194786_050_reg,2055.1375,3244.3187,3735.75093,MOs,MOs-1,CTX
200582_011_reg,3013.48589,2288.78624,5011.51449,MOs,MOs-5,CTX
193872_015_reg,5460.4915,1158.38682,4999.25277,MOs,MOs-5,CTX
201569_018_reg,3122.75745,2290.47679,4355.2179,MOs,MOs-5,CTX
201569_003_reg,2803.67017,2213.87205,4570.33339,MOs,MOs-5,CTX
194779_112_reg,2250.91412,3096.91639,3533.6664,MOs,MOs-2/3,CTX
200194_101_reg,4897.33915,1217.27799,5424.64942,MOs,MOs-2/3,CTX
200297_045_reg,2386.26745,2292.68667,4656.74162,MOs,MOs-5,CTX
201765_018_reg,3348.9479,2398.45895,4563.00359,MOs,MOs-5,CTX
200196_026_reg,4829.04704,1404.20704,5289.33161,MOs,MOs-5,CTX
196549_035_reg,3386.99646,2021.73465,5100.5677,MOs,MOs-5,CTX
194526_014_reg,3270.91294,1690.46812,5026.97125,MOs,MOs-2/3,CTX
200198_050_reg,4673.17295,1107.13404,5011.62379,MOs,MOs-2/3,CTX
201765_019_reg,3239.29215,2217.44217,4510.33995,MOs,MOs-5,CTX
200198_013_reg,4947.45722,1302.80987,5003.67733,MOs,MOs-5,CTX
194778_047_reg,2588.97712,3020.57241,3471.23959,MOs,MOs-5,CTX
194786_044_reg,2297.17384,3102.67356,3386.82143,MOs,MOs-2/3,CTX
194525_027_reg,3955.49786,1956.52784,5061.99244,MOs,MOs-5,CTX
200579_008_reg,2796.96998,2304.3374,5029.79602,MOs,MOs-5,CTX
201758_017_reg,3239.50446,2199.67138,4948.39285,MOs,MOs-5,CTX
192310_078_reg,2149.30529,2733.54874,3718.76874,MOs,MOs-2/3,CTX
200197_013_reg,4888.00702,1263.07463,5113.32004,MOs,MOs-5,CTX
196549_003_reg,2528.27603,2448.72896,4534.83606,MOs,MOs-5,CTX
192106_003_reg,2565.71644,3302.59312,3062.20379,MOs,MOs-2/3,CTX
200197_002_reg,5003.29833,1451.81834,5127.96567,MOs,MOs-5,CTX
195819_001_reg,2404.2464,2766.34448,3925.2492,MOs,MOs-5,CTX
194778_041_reg,2446.10386,3291.53314,3553.80679,MOs,MOs-2/3,CTX
200194_100_reg,4884.01945,1107.97295,5329.66871,MOs,MOs-2/3,CTX
17897_046_reg,2765.16072,2383.84026,4899.46003,MOs,MOs-5,CTX
195943_009_reg,2986.12285,2655.59473,5170.48758,PL,PL-5,CTX
201784_029_reg,3550.6242,3093.88075,5277.50877,PL,PL-5,CTX
200320_016_reg,3046.85204,2697.66854,5131.74391,PL,PL-5,CTX
201762_012_reg,2829.07665,2738.9927,5384.08039,PL,PL-5,CTX
201764_043_reg,3559.73888,2819.45366,4993.91941,PL,PL-6a,CTX
201731_019_reg,3282.58142,2851.16462,5107.60406,PL,PL-5,CTX
200582_042_reg,2472.65603,2626.01719,5518.59268,PL,PL-2/3,CTX
200320_019_reg,2727.42354,2782.59456,5136.8898,PL,PL-5,CTX
201784_023_reg,3215.24827,2773.4372,5230.15518,PL,PL-5,CTX
200329_020_reg,3319.07458,2789.76363,4988.19724,PL,PL-6a,CTX
200583_030_reg,2430.66187,2669.11289,5247.94269,PL,PL-5,CTX
200582_037_reg,2150.05239,2572.00362,5232.84502,PL,PL-2/3,CTX
195938_007_reg,3055.28038,2812.53407,5245.61136,PL,PL-5,CTX
196550_080_reg,3476.32552,3185.67162,5297.80842,PL,PL-5,CTX
195936_040_reg,2834.65438,2862.8249,5260.12643,PL,PL-5,CTX
195936_038_reg,3151.69381,2745.74875,5339.58384,PL,PL-5,CTX
192106_121_reg,2524.70802,2248.06638,5127.11283,PL,PL-5,CTX
200327_058_reg,3641.17405,3062.48138,5087.06032,PL,PL-5,CTX
195936_014_reg,2968.79589,2769.94659,5256.41231,PL,PL-5,CTX
201762_032_reg,3310.34893,3207.70761,5091.96103,PL,PL-5,CTX
201786_011_reg,2529.67189,2838.35884,5573.77039,PL,PL-1,CTX
201784_020_reg,3648.66489,3057.47597,4773.31535,PL,PL-6a,CTX
200331_009_reg,2735.56443,2883.74329,5250.02744,PL,PL-5,CTX
201762_003_reg,3088.98752,2519.38337,5027.49112,PL,PL-5,CTX
201571_026_reg,2793.72088,2756.57412,5077.0988,PL,PL-5,CTX
201731_024_reg,3305.38568,3083.9919,5004.41597,PL,PL-6a,CTX
201731_026_reg,3014.92727,2945.76995,5456.72814,PL,PL-2/3,CTX
195938_008_reg,3103.29366,2805.15861,5256.43914,PL,PL-5,CTX
195937_030_reg,2642.62104,2688.57128,5546.67665,PL,PL-2/3,CTX
195943_011_reg,2842.15215,2699.46038,5154.23403,PL,PL-5,CTX
195944_047_reg,3154.76468,2935.14325,5222.83606,PL,PL-5,CTX
195943_001_reg,2974.12856,2538.21085,4991.41917,PL,PL-5,CTX
201731_004_reg,3061.5474,2598.53059,5506.2007,PL,PL-2/3,CTX
200333_020_reg,3612.55374,3172.46354,5204.33098,PL,PL-5,CTX
201764_025_reg,3778.1434,3123.01824,5172.17894,PL,PL-5,CTX
195942_044_reg,3299.94614,2993.56566,5277.34275,PL,PL-5,CTX
195943_014_reg,2690.403,2940.83198,5143.6288,PL,PL-5,CTX
201784_052_reg,3588.1447,2658.78552,4954.59145,PL,PL-6a,CTX
201761_030_reg,3376.3056,3258.79218,5173.5728,PL,PL-5,CTX
194528_016_reg,3267.44832,2652.50191,5180.88924,PL,PL-5,CTX
200579_002_reg,2704.53098,2474.39331,5375.17015,PL,PL-5,CTX
195788_020_reg,2657.03679,2786.54467,5515.82257,PL,PL-2/3,CTX
201573_029_reg,2384.7943,2620.06251,5430.24306,PL,PL-2/3,CTX
195939_027_reg,3128.24767,2645.64089,5243.89498,PL,PL-5,CTX
200327_015_reg,3119.78486,2892.82205,5239.18913,PL,PL-5,CTX
195944_040_reg,3044.4177,2752.79649,5289.47222,PL,PL-5,CTX
194778_092_reg,2107.99454,2603.42025,5332.86385,PL,PL-2/3,CTX
201571_040_reg,2895.81712,2884.00255,4908.27453,PL,PL-6a,CTX
195617_023_reg,2937.62764,2466.1022,5273.37909,PL,PL-5,CTX
200320_017_reg,2992.58087,2754.04866,5401.11933,PL,PL-5,CTX
195620_024_reg,3204.47843,2386.47322,5380.03382,PL,PL-5,CTX
200327_001_reg,3419.24895,2666.30928,5102.87262,PL,PL-5,CTX
201731_027_reg,3267.59418,3047.1496,5289.20171,PL,PL-5,CTX
200327_104_reg,3619.61574,2899.05258,5122.16684,PL,PL-5,CTX
194779_014_reg,2140.68573,2710.31602,5310.61117,PL,PL-2/3,CTX
192106_120_reg,2745.10285,2674.45368,5144.12546,PL,PL-5,CTX
201759_027_reg,3459.69545,3250.64589,5348.33084,PL,PL-5,CTX
201570_014_reg,2674.32515,2775.22294,5266.01482,PL,PL-5,CTX
201787_023_reg,3221.14171,2950.68472,5315.48961,PL,PL-5,CTX
200329_062_reg,2957.09259,2590.77963,5026.37737,PL,PL-5,CTX
194779_010_reg,2131.21415,2532.26316,5265.69268,PL,PL-2/3,CTX
201570_023_reg,2675.86774,2718.62575,5349.19565,PL,PL-5,CTX
200327_120_reg,3421.15022,2774.07715,5090.88421,PL,PL-5,CTX
200579_041_reg,2724.75516,2345.50442,5189.88747,PL,PL-5,CTX
201787_021_reg,3033.77892,2972.80514,5241.99081,PL,PL-5,CTX
200333_041_reg,3312.02324,2812.24777,5276.12031,PL,PL-5,CTX
195943_016_reg,2795.83981,2904.3782,5116.05942,PL,PL-5,CTX
200295_054_reg,3450.19365,2780.16616,5506.22626,PL,PL-2/3,CTX
200329_002_reg,2910.81504,2502.12636,5132.99264,PL,PL-5,CTX
194530_001_reg,3109.3639,2557.26801,5043.56267,PL,PL-5,CTX
201765_056_reg,3419.18202,3220.03073,5120.9233,PL,PL-5,CTX
196550_093_reg,3434.61443,2793.56059,5248.85531,PL,PL-5,CTX
200583_042_reg,2487.62619,2806.40171,5229.01106,PL,PL-5,CTX
195937_007_reg,2780.36951,2589.07405,5312.4253,PL,PL-5,CTX
201786_010_reg,2700.34709,2802.45361,5444.24883,PL,PL-5,CTX
200327_008_reg,3238.3627,2558.85179,5214.18721,PL,PL-5,CTX
201574_009_reg,2244.62601,2540.46015,5015.4599,PL,PL-5,CTX
196550_078_reg,3541.83343,3053.18048,5313.37896,PL,PL-5,CTX
201763_018_reg,3428.90399,3058.80772,5320.87336,PL,PL-5,CTX
201764_023_reg,3736.07692,3223.06392,4923.14621,PL,PL-6a,CTX
195942_024_reg,2822.17258,2687.90251,5505.07701,PL,PL-2/3,CTX
201731_014_reg,3664.84142,2873.45899,5279.81928,PL,PL-5,CTX
201732_001_reg,3325.99779,2472.12783,5215.22198,PL,PL-5,CTX
200329_052_reg,3374.70987,2863.69933,5222.14406,PL,PL-5,CTX
200327_053_reg,3422.34447,3192.74526,5136.16296,PL,PL-5,CTX
200320_009_reg,3124.11792,2727.43497,5202.84081,PL,PL-5,CTX
194528_014_reg,3493.39456,2805.79926,4932.16173,PL,PL-6a,CTX
195938_025_reg,3197.02153,2985.54031,5421.9798,PL,PL-2/3,CTX
195943_045_reg,2924.84347,3056.1013,5152.91216,PL,PL-5,CTX
195943_032_reg,2865.96203,2940.46641,5073.08305,PL,PL-5,CTX
200296_027_reg,3539.03963,3337.19988,5278.7752,PL,PL-5,CTX
201764_035_reg,3455.78642,3036.77297,5070.33153,PL,PL-5,CTX
196548_043_reg,3478.80077,2604.54895,5242.51979,PL,PL-5,CTX
195943_007_reg,2751.71149,2426.95839,5240.26705,PL,PL-5,CTX
195788_015_reg,2616.76158,2641.41811,5367.34389,PL,PL-5,CTX
195942_062_reg,2853.93397,2875.8737,5180.64381,PL,PL-5,CTX
193871_007_reg,3826.55645,3245.30959,5355.44335,PL,PL-5,CTX
17897_010_reg,2776.33261,2550.59848,4863.05528,PL,PL-5,CTX
200320_024_reg,2907.25647,2782.38576,5241.6591,PL,PL-5,CTX
201731_055_reg,3083.01082,2931.43069,5207.59209,PL,PL-5,CTX
194810_021_reg,2834.67498,3445.4259,4311.94644,ORBl,ORBl-5,CTX
201400_025_reg,3576.77615,4188.16752,3688.98775,ORBl,ORBl-5,CTX
200293_108_reg,2662.7952,3700.08732,4438.45598,ORBl,ORBl-2/3,CTX
200296_001_reg,2781.40135,3097.58775,4389.54568,ORBl,ORBl-6a,CTX
194808_002_reg,3405.56734,4154.948,4106.60178,ORBl,ORBl-5,CTX
194809_017_reg,3265.14285,4206.7099,3958.86517,ORBl,ORBl-5,CTX
195821_025_reg,2799.5695,4433.3505,3860.71374,ORBl,ORBl-1,CTX
195826_070_reg,2669.20329,3924.74972,3976.1174,ORBl,ORBl-5,CTX
201398_008_reg,2570.84517,3864.88223,4140.50267,ORBl,ORBl-2/3,CTX
194808_009_reg,3516.25661,4056.65323,4131.52227,ORBl,ORBl-5,CTX
200295_103_reg,2666.5604,3141.76025,4499.77591,ORBl,ORBl-5,CTX
194780_059_reg,2498.42639,3142.74914,4502.2981,ORBl,ORBl-5,CTX
194786_080_reg,2435.085,3320.29235,4265.22776,ORBl,ORBl-5,CTX
194784_054_reg,2339.86942,3263.95583,4573.50796,ORBl,ORBl-2/3,CTX
200293_110_reg,2819.64412,3308.45416,4278.55863,ORBl,ORBl-5,CTX
195821_011_reg,2840.11288,3757.9187,3903.39717,ORBl,ORBl-5,CTX
201573_039_reg,2141.80638,2954.04064,4560.60858,ORBl,ORBl-2/3,CTX
195820_049_reg,3422.9695,4484.67773,3668.34036,ORBl,ORBl-5,CTX
194810_028_reg,2849.30427,3622.11945,4379.88437,ORBl,ORBl-5,CTX
201400_015_reg,3274.84101,3991.31913,3728.09642,ORBl,ORBl-5,CTX
201398_023_reg,3160.13013,4079.99034,3944.07423,ORBl,ORBl-5,CTX
200293_114_reg,2482.90184,3263.31106,4101.14418,ORBl,ORBl-5,CTX
195826_041_reg,3386.26491,4420.71328,4223.64219,ORBl,ORBl-2/3,CTX
195820_041_reg,2310.85331,3528.325,3945.33746,ORBl,ORBl-2/3,CTX
17895_016_reg,2924.57648,4000.4368,3946.88747,ORBl,ORBl-5,CTX
17897_050_reg,3331.85996,4057.88085,4336.49033,ORBl,ORBl-5,CTX
195780_013_reg,3249.76683,4284.14347,4660.63521,ORBl,ORBl-2/3,CTX
201399_023_reg,3425.23032,4203.8124,4010.38194,ORBl,ORBl-5,CTX
194784_056_reg,2250.942,3085.50506,4568.0148,ORBl,ORBl-2/3,CTX
195826_021_reg,2684.18696,3829.76719,3992.9007,ORBl,ORBl-5,CTX
195820_026_reg,2466.33567,3954.0728,4031.93067,ORBl,ORBl-2/3,CTX
194784_055_reg,2222.18649,2959.80172,4551.18985,ORBl,ORBl-5,CTX
195821_019_reg,2308.45324,3502.18396,4255.43054,ORBl,ORBl-2/3,CTX
195826_029_reg,3196.21299,4356.84015,4008.52631,ORBl,ORBl-2/3,CTX
17898_049_reg,3512.39023,3854.87302,4518.14422,ORBl,ORBl-6a,CTX
194786_059_reg,2321.44771,3711.87548,4078.17892,ORBl,ORBl-2/3,CTX
192310_056_reg,2623.50682,3313.89907,4463.49265,ORBl,ORBl-5,CTX
194784_032_reg,2530.48094,3795.28843,3947.7693,ORBl,ORBl-5,CTX
194786_106_reg,2443.8911,3211.73489,4554.68469,ORBl,ORBl-5,CTX
201401_008_reg,3234.14705,4304.02865,4111.69082,ORBl,ORBl-2/3,CTX
192309_022_reg,2089.00519,3225.45479,4029.84596,ORBl,ORBl-1,CTX
17897_013_reg,3320.12747,4121.79543,4235.80305,ORBl,ORBl-5,CTX
195820_016_reg,3188.02368,4291.87256,3785.87071,ORBl,ORBl-5,CTX
195783_007_reg,3332.45394,4007.16766,4452.71677,ORBl,ORBl-5,CTX
194783_046_reg,2564.73357,2918.4066,4473.34978,ORBl,ORBl-5,CTX
195821_014_reg,2785.41732,3848.44043,4093.90456,ORBl,ORBl-5,CTX
194810_024_reg,3278.32736,3722.00625,4332.79563,ORBl,ORBl-5,CTX
200297_020_reg,2560.76944,3488.78785,4178.18945,ORBl,ORBl-5,CTX
195817_075_reg,2315.6477,3299.38843,4507.18451,ORBl,ORBl-2/3,CTX
201399_006_reg,3048.5191,4126.93881,3771.37984,ORBl,ORBl-5,CTX
194780_058_reg,2296.40714,3066.36074,4628.70107,ORBl,ORBl-5,CTX
194809_012_reg,2681.05334,4016.31747,4357.85841,ORBl,ORBl-1,CTX
194786_101_reg,2383.62144,3620.7412,4179.57536,ORBl,ORBl-2/3,CTX
200296_013_reg,2972.65983,3312.04524,4261.83415,ORBl,ORBl-6a,CTX
194810_061_reg,3055.04459,3432.20511,4347.04672,ORBl,ORBl-5,CTX
201568_038_reg,2058.69198,3052.95788,4529.5275,ORBl,ORBl-1,CTX
195826_060_reg,3015.25991,4045.27345,3956.24095,ORBl,ORBl-5,CTX
17897_024_reg,3259.99414,4213.95662,4285.03413,ORBl,ORBl-2/3,CTX
194784_046_reg,2371.00765,3323.29257,4254.28514,ORBl,ORBl-2/3,CTX
194784_043_reg,2489.92242,3581.60859,4246.22497,ORBl,ORBl-2/3,CTX
201398_012_reg,2985.23108,3534.27911,4069.35259,ORBl,ORBl-6a,CTX
194786_068_reg,2571.0419,3211.55333,4426.78744,ORBl,ORBl-5,CTX
194810_032_reg,3424.02104,3838.35168,4563.79335,ORBl,ORBl-5,CTX
194783_060_reg,2484.60365,2952.30239,4628.28461,ORBl,ORBl-5,CTX
201398_007_reg,3239.16653,3746.17316,4170.98369,ORBl,ORBl-5,CTX
194784_033_reg,2596.04376,3690.46317,3955.0858,ORBl,ORBl-5,CTX
194809_016_reg,3340.98127,4094.67512,4213.46581,ORBl,ORBl-5,CTX
201399_033_reg,3505.14843,3955.23995,3849.22529,ORBl,ORBl-6a,CTX
195819_008_reg,2866.98753,4095.16115,3763.14912,ORBl,ORBl-5,CTX
195780_004_reg,3288.70549,4038.51829,4531.61903,ORBl,ORBl-5,CTX
194809_003_reg,3102.55507,4327.08082,4092.35423,ORBl,ORBl-1,CTX
201399_018_reg,3436.22289,3999.51977,4101.31342,ORBl,ORBl-5,CTX
200293_091_reg,2592.61372,3221.87147,4173.06563,ORBl,ORBl-5,CTX
194809_014_reg,3378.1366,3845.89912,4230.80353,ORBl,ORBl-5,CTX
194808_023_reg,3482.31262,4280.45942,4041.52555,ORBl,ORBl-5,CTX
196549_028_reg,2398.65188,3267.51152,4351.19084,ORBl,ORBl-2/3,CTX
194810_045_reg,3544.03865,3937.10891,4527.11194,ORBl,ORBl-6a,CTX
194786_079_reg,2629.98532,3182.62021,4360.07997,ORBl,ORBl-5,CTX
195822_013_reg,3033.65915,4302.35337,3737.81076,ORBl,ORBl-5,CTX
194783_042_reg,2632.0874,2952.3483,4506.8268,ORBl,ORBl-5,CTX
195826_059_reg,3120.0319,4060.31432,4096.60798,ORBl,ORBl-5,CTX
201399_002_reg,2790.35196,4140.52749,3753.11036,ORBl,ORBl-5,CTX
194782_066_reg,2336.04405,3364.42579,4576.37911,ORBl,ORBl-2/3,CTX
194786_073_reg,2099.11044,3088.15514,4616.15206,ORBl,ORBl-1,CTX
194809_019_reg,3461.65742,4096.36499,4061.3636,ORBl,ORBl-5,CTX
194780_051_reg,2824.81569,3346.29345,4301.21038,ORBl,ORBl-5,CTX
17895_004_reg,2947.75899,4065.1119,4121.10755,ORBl,ORBl-2/3,CTX
17896_055_reg,2676.34846,4416.72022,3771.18287,ORBl,ORBl-1,CTX
195826_085_reg,2194.24805,3524.96213,4173.159,ORBl,ORBl-1,CTX
195821_035_reg,2873.89932,4074.95753,3995.26132,ORBl,ORBl-5,CTX
195782_018_reg,3352.98299,3645.78185,4452.79617,ORBl,ORBl-6a,CTX
196549_022_reg,2733.53165,2988.22215,4460.38229,ORBl,ORBl-6a,CTX
201398_025_reg,3268.24676,4164.17459,4111.82623,ORBl,ORBl-5,CTX
200296_012_reg,2842.39844,3273.04346,4367.54808,ORBl,ORBl-6a,CTX
201401_023_reg,3214.58343,4288.59622,3993.71351,ORBl,ORBl-2/3,CTX
195826_004_reg,2147.26247,3102.66759,4531.1184,ORBl,ORBl-2/3,CTX
195820_054_reg,3376.19197,4587.14777,3810.51262,ORBl,ORBl-2/3,CTX
192310_097_reg,2336.64956,3018.61747,4633.51952,ORBl,ORBl-5,CTX
195784_010_reg,3244.24764,3866.04041,4652.79348,ORBl,ORBl-5,CTX
195826_027_reg,3061.41089,4314.80263,3831.21445,ORBl,ORBl-2/3,CTX
195620_014_reg,3589.83875,1914.08846,5338.16554,ACAd,ACAd-5,CTX
195829_002_reg,5408.0963,1792.2386,5301.65625,ACAd,ACAd-5,CTX
200194_104_reg,4915.39693,1920.7899,5462.08747,ACAd,ACAd-2/3,CTX
195617_027_reg,3070.64069,2454.17755,5034.04941,ACAd,ACAd-5,CTX
195618_017_reg,3395.68745,2042.97356,5421.21735,ACAd,ACAd-2/3,CTX
195199_089_reg,4438.90018,2088.02467,5344.12447,ACAd,ACAd-5,CTX
200197_011_reg,4792.3546,1564.15073,5297.78585,ACAd,ACAd-5,CTX
200198_043_reg,4661.88898,1907.95823,5249.7627,ACAd,ACAd-5,CTX
195047_019_reg,4935.51095,1649.91001,5336.61667,ACAd,ACAd-5,CTX
195051_006_reg,4384.35577,2231.13427,5040.08319,ACAd,ACAd-6a,CTX
192106_153_reg,3035.73975,2059.60323,5460.79683,ACAd,ACAd-2/3,CTX
200196_008_reg,4920.8981,1479.0763,5338.16642,ACAd,ACAd-5,CTX
201390_024_reg,4602.62144,2012.47748,5532.15059,ACAd,ACAd-2/3,CTX
200199_020_reg,4664.42695,1590.95001,5345.88723,ACAd,ACAd-5,CTX
200196_005_reg,4691.29786,1687.02838,5296.83021,ACAd,ACAd-5,CTX
195841_061_reg,5658.36509,1429.00981,5511.53413,ACAd,ACAd-2/3,CTX
195838_087_reg,4016.78699,2347.52717,5235.51799,ACAd,ACAd-5,CTX
200197_069_reg,4548.62498,1770.90296,5487.38316,ACAd,ACAd-2/3,CTX
195614_012_reg,3430.36328,2020.14051,5213.82856,ACAd,ACAd-5,CTX
200325_002_reg,3982.60028,2177.84637,5121.71741,ACAd,ACAd-5,CTX
200194_109_reg,4616.25962,1791.99994,5522.30376,ACAd,ACAd-2/3,CTX
196550_052_reg,3227.8548,2157.31882,5439.13665,ACAd,ACAd-2/3,CTX
195619_006_reg,3386.9702,2415.79991,5194.83147,ACAd,ACAd-5,CTX
195937_035_reg,3144.81864,2370.77703,5099.61127,ACAd,ACAd-5,CTX
200324_015_reg,4128.51911,2268.70712,4927.2283,ACAd,ACAd-6a,CTX
201760_024_reg,3160.53818,1940.8011,5431.7566,ACAd,ACAd-2/3,CTX
195616_010_reg,2930.58546,2181.71426,5484.26667,ACAd,ACAd-2/3,CTX
200579_018_reg,3098.09599,2197.54362,5362.94494,ACAd,ACAd-2/3,CTX
200582_010_reg,2868.6944,2166.0195,5183.45945,ACAd,ACAd-5,CTX
200323_008_reg,3873.43289,2166.33756,5369.6843,ACAd,ACAd-5,CTX
195047_028_reg,4996.40447,1861.97831,5109.12741,ACAd,ACAd-6a,CTX
195047_007_reg,4590.06564,1808.90462,5274.69264,ACAd,ACAd-5,CTX
200329_007_reg,2852.91875,2404.21453,5200.78001,ACAd,ACAd-5,CTX
195199_019_reg,5190.60025,1438.2216,5287.59459,ACAd,ACAd-5,CTX
195620_020_reg,3376.09211,2064.78791,5216.03333,ACAd,ACAd-5,CTX
195199_063_reg,4847.24637,2165.15613,5095.87227,ACAd,ACAd-6a,CTX
200199_066_reg,5197.1213,1497.77838,5425.65984,ACAd,ACAd-2/3,CTX
200324_011_reg,3804.95193,2047.86403,5327.54082,ACAd,ACAd-5,CTX
200324_003_reg,3928.61205,2272.60984,5024.78805,ACAd,ACAd-5,CTX
200194_038_reg,4403.39242,2211.15317,5419.97616,ACAd,ACAd-2/3,CTX
195617_013_reg,3088.55132,2237.07122,5504.74165,ACAd,ACAd-2/3,CTX
194528_001_reg,3733.5147,2504.72753,5067.93793,ACAd,ACAd-5,CTX
195839_078_reg,4421.66678,2260.99287,5268.89688,ACAd,ACAd-5,CTX
200579_022_reg,3086.69042,2277.4023,5441.15516,ACAd,ACAd-2/3,CTX
200198_027_reg,4821.41711,2012.82892,5364.44898,ACAd,ACAd-5,CTX
200197_001_reg,5047.95413,1522.04123,5363.86778,ACAd,ACAd-5,CTX
195619_017_reg,3245.49913,2424.93508,5149.81605,ACAd,ACAd-5,CTX
200325_014_reg,3438.49685,2331.22486,5443.76839,ACAd,ACAd-2/3,CTX
195618_004_reg,3923.03818,2289.13894,4891.58977,ACAd,ACAd-6a,CTX
195051_002_reg,4282.70485,1988.86949,5039.36186,ACAd,ACAd-5,CTX
201784_004_reg,3492.11275,2516.4123,4738.9084,ACAd,ACAd-6a,CTX
200199_009_reg,4625.36294,1877.44231,5381.97185,ACAd,ACAd-5,CTX
200197_020_reg,5047.45569,1550.50401,5256.74777,ACAd,ACAd-5,CTX
195937_026_reg,3008.95567,2323.14805,5278.55758,ACAd,ACAd-5,CTX
194527_010_reg,3509.58244,2039.46496,5094.19125,ACAd,ACAd-5,CTX
201787_053_reg,3320.50177,2474.39373,4890.69843,ACAd,ACAd-6a,CTX
195199_053_reg,4911.38446,1888.6056,5078.14464,ACAd,ACAd-6a,CTX
195617_006_reg,3295.23688,2117.07693,5313.32443,ACAd,ACAd-5,CTX
200196_060_reg,5142.21076,1545.32508,5276.23469,ACAd,ACAd-5,CTX
195829_036_reg,4533.5343,2187.95772,5328.80957,ACAd,ACAd-5,CTX
195619_004_reg,3366.76558,2408.0616,5048.00248,ACAd,ACAd-5,CTX
195199_090_reg,4474.85682,2093.82848,5380.68766,ACAd,ACAd-5,CTX
201764_021_reg,3475.72023,2548.01953,4801.79497,ACAd,ACAd-6a,CTX
200321_011_reg,3387.61504,2108.74068,5430.98227,ACAd,ACAd-2/3,CTX
200196_056_reg,4955.14046,1852.93419,5401.57128,ACAd,ACAd-5,CTX
195614_030_reg,3564.48926,2384.98964,4911.46642,ACAd,ACAd-6a,CTX
201767_006_reg,3413.72083,2527.90979,4799.34056,ACAd,ACAd-6a,CTX
195787_007_reg,2572.82385,2196.93709,5251.22646,ACAd,ACAd-2/3,CTX
200293_060_reg,3075.4972,2372.54906,5291.398,ACAd,ACAd-5,CTX
200194_096_reg,5062.95431,1919.00395,5302.28768,ACAd,ACAd-5,CTX
201730_023_reg,3504.1018,2476.99687,4965.68259,ACAd,ACAd-5,CTX
200199_073_reg,4304.49636,1967.78088,5544.56219,ACAd,ACAd-2/3,CTX
200198_015_reg,5376.25679,1502.86167,5349.74481,ACAd,ACAd-5,CTX
195199_064_reg,4861.22794,2022.828,5291.48852,ACAd,ACAd-5,CTX
195199_084_reg,4506.46996,2005.30539,5402.0788,ACAd,ACAd-5,CTX
200194_090_reg,4775.04272,1916.48767,5436.31321,ACAd,ACAd-2/3,CTX
195049_023_reg,5239.17316,1583.54043,5438.73308,ACAd,ACAd-2/3,CTX
195049_020_reg,5040.15286,1758.42036,5425.16346,ACAd,ACAd-2/3,CTX
200579_003_reg,3089.34942,2456.33858,4996.42678,ACAd,ACAd-5,CTX
200197_070_reg,4943.97616,1625.11218,5316.29316,ACAd,ACAd-5,CTX
192106_164_reg,3206.71754,1990.33463,5529.64753,ACAd,ACAd-1,CTX
200194_067_reg,4625.77516,1986.22322,5492.70468,ACAd,ACAd-2/3,CTX
195047_033_reg,5140.4352,1696.16515,5235.11963,ACAd,ACAd-5,CTX
201758_010_reg,3424.78898,2361.50386,5070.82325,ACAd,ACAd-5,CTX
200194_110_reg,4551.58891,1778.01962,5508.66135,ACAd,ACAd-2/3,CTX
196550_033_reg,3311.22124,2148.88341,5128.83502,ACAd,ACAd-5,CTX
200197_034_reg,4511.14807,2046.30496,5298.60106,ACAd,ACAd-5,CTX
195051_025_reg,4698.16487,1672.24971,5294.46313,ACAd,ACAd-5,CTX
200196_042_reg,4722.27376,1945.5111,5381.23313,ACAd,ACAd-5,CTX
200323_022_reg,3836.01307,2105.18313,5069.48614,ACAd,ACAd-5,CTX
195047_023_reg,4575.63527,1934.84983,5398.0906,ACAd,ACAd-5,CTX
196548_012_reg,3249.7478,2144.51249,5213.07707,ACAd,ACAd-5,CTX
201730_024_reg,3601.62345,2502.64431,5038.42893,ACAd,ACAd-5,CTX
200197_057_reg,4316.18073,1925.80978,5205.75488,ACAd,ACAd-5,CTX
195617_009_reg,3212.55709,1978.43726,5359.12866,ACAd,ACAd-2/3,CTX
195838_055_reg,4581.9332,2113.04107,4895.11753,ACAd,ACAd-6a,CTX
200198_054_reg,4697.75276,1978.97849,5465.12255,ACAd,ACAd-2/3,CTX
200194_036_reg,4168.50348,2038.67056,5377.01901,ACAd,ACAd-5,CTX
200323_007_reg,3788.36251,2282.63618,4967.58457,ACAd,ACAd-5,CTX
195199_086_reg,4551.88852,2031.00516,5441.33512,ACAd,ACAd-2/3,CTX
195833_023_reg,3215.68674,4682.0377,3228.58268,AIv,AIv-5,CTX
200306_010_reg,3746.19189,4857.99662,3158.32238,AIv,AIv-5,CTX
195042_053_reg,3624.79795,4995.23782,3327.54797,AIv,AIv-2/3,CTX
200310_028_reg,3366.71798,4925.58311,3011.02082,AIv,AIv-2/3,CTX
195834_007_reg,3982.94816,4944.76744,2485.18645,AIv,AIv-5,CTX
195041_069_reg,3230.517,4732.99657,3303.28108,AIv,AIv-2/3,CTX
195822_011_reg,3073.49318,4287.87706,3548.42638,AIv,AIv-5,CTX
200312_011_reg,3602.76689,4844.90883,2807.82345,AIv,AIv-5,CTX
195841_046_reg,3129.02658,4545.35704,3299.18259,AIv,AIv-5,CTX
200307_021_reg,3382.65598,4979.03624,2974.48562,AIv,AIv-2/3,CTX
200311_014_reg,3194.53841,4707.8697,3184.06353,AIv,AIv-2/3,CTX
201400_006_reg,3502.05213,4510.06038,3319.4727,AIv,AIv-5,CTX
195042_099_reg,3645.77948,4615.3841,3153.79102,AIv,AIv-5,CTX
201400_024_reg,3702.90394,4513.81013,3369.69017,AIv,AIv-5,CTX
195046_002_reg,4122.26743,4989.41797,2404.23713,AIv,AIv-5,CTX
200307_018_reg,3803.68691,4676.19463,3138.46239,AIv,AIv-5,CTX
195822_009_reg,3275.09447,4322.93787,3557.98106,AIv,AIv-5,CTX
195042_078_reg,4065.19995,5220.90058,2827.13803,AIv,AIv-5,CTX
195833_008_reg,3969.02285,5145.97632,2633.58783,AIv,AIv-2/3,CTX
195833_006_reg,4061.81368,5278.87912,2578.01029,AIv,AIv-2/3,CTX
195042_013_reg,3446.71756,4798.54365,3171.40747,AIv,AIv-5,CTX
195046_010_reg,3904.80889,4977.9677,2678.42597,AIv,AIv-5,CTX
195833_022_reg,3134.25059,4710.32552,3188.11808,AIv,AIv-2/3,CTX
195041_067_reg,3028.00012,4699.99397,3605.08031,AIv,AIv-1,CTX
195834_037_reg,3909.11012,5020.70066,2781.80401,AIv,AIv-5,CTX
200307_006_reg,3548.62803,4798.80097,3012.12754,AIv,AIv-5,CTX
195822_022_reg,3216.6969,4439.33307,3526.77381,AIv,AIv-5,CTX
195041_024_reg,4199.92194,5092.52405,2351.31134,AIv,AIv-2/3,CTX
195833_046_reg,3651.67164,4858.38558,2771.66633,AIv,AIv-5,CTX
195839_189_reg,3368.8542,4832.67194,2958.31823,AIv,AIv-2/3,CTX
195042_058_reg,3536.55093,5101.09587,2920.4317,AIv,AIv-2/3,CTX
195833_059_reg,4070.30172,5178.34615,2988.62789,AIv,AIv-5,CTX
201400_027_reg,3719.37914,4453.33769,3587.35448,AIv,AIv-5,CTX
195822_042_reg,3393.43122,4476.4502,3655.25968,AIv,AIv-5,CTX
200306_026_reg,3723.88508,4718.84057,3090.75395,AIv,AIv-5,CTX
201400_002_reg,3273.73017,4590.80279,3242.61996,AIv,AIv-5,CTX
195822_046_reg,3330.11111,4856.99088,3310.29856,AIv,AIv-2/3,CTX
200312_017_reg,3938.38231,4748.82255,3198.80903,AIv,AIv-6a,CTX
195822_030_reg,2998.46431,4553.94573,3455.96728,AIv,AIv-2/3,CTX
195833_021_reg,3293.95204,4594.71372,3241.33511,AIv,AIv-5,CTX
195833_061_reg,4117.88711,5074.54893,2798.09065,AIv,AIv-5,CTX
195041_020_reg,3722.57729,4856.72949,2783.00125,AIv,AIv-5,CTX
195041_078_reg,3795.76786,4986.94955,2505.46865,AIv,AIv-2/3,CTX
195833_020_reg,3390.75515,4883.56658,3049.10459,AIv,AIv-2/3,CTX
200306_002_reg,3310.90749,4755.57364,3089.24377,AIv,AIv-2/3,CTX
200306_003_reg,3597.24378,4586.03907,3289.61626,AIv,AIv-5,CTX
200307_022_reg,3579.22139,4520.49163,3375.69875,AIv,AIv-5,CTX
195041_046_reg,3725.57496,5188.0647,2965.19004,AIv,AIv-2/3,CTX
195834_041_reg,3703.07783,5033.0651,2600.89752,AIv,AIv-2/3,CTX
195041_055_reg,3545.02711,5030.63404,3070.95911,AIv,AIv-2/3,CTX
195046_027_reg,3735.12913,5060.64901,2766.05786,AIv,AIv-2/3,CTX
195041_070_reg,3542.26668,5040.55666,3169.22805,AIv,AIv-2/3,CTX
195041_066_reg,3091.25691,4583.85119,3533.09106,AIv,AIv-2/3,CTX
195826_037_reg,3312.69532,4341.38272,3559.29016,AIv,AIv-5,CTX
201401_003_reg,3474.69411,4524.02875,3217.73942,AIv,AIv-5,CTX
200311_023_reg,3163.74267,4714.10135,3026.52742,AIv,AIv-2/3,CTX
195041_065_reg,3699.0097,5286.19559,2738.7219,AIv,AIv-2/3,CTX
195041_072_reg,3943.51318,5183.6038,2815.13284,AIv,AIv-5,CTX
195820_064_reg,3266.96507,4640.31011,3403.76189,AIv,AIv-5,CTX
194784_009_reg,2846.73905,4030.58661,3737.17629,AIv,AIv-5,CTX
195045_022_reg,3704.0017,4863.44558,2974.6294,AIv,AIv-5,CTX
195041_050_reg,3760.57436,5191.72349,2937.16768,AIv,AIv-2/3,CTX
195041_048_reg,3776.02604,5230.98758,2838.787,AIv,AIv-2/3,CTX
195041_064_reg,3086.24658,4747.74796,3605.37308,AIv,AIv-1,CTX
195041_029_reg,3988.88218,5268.06385,2335.15649,AIv,AIv-2/3,CTX
195826_064_reg,3110.21624,4659.54668,3691.32732,AIv,AIv-1,CTX
195833_045_reg,3657.7004,5059.51245,2789.84182,AIv,AIv-2/3,CTX
195041_045_reg,3960.61888,5267.60547,2716.72496,AIv,AIv-2/3,CTX
201400_018_reg,3224.88284,4600.74582,3165.59899,AIv,AIv-5,CTX
200308_022_reg,3405.02576,4983.32442,3229.90037,AIv,AIv-2/3,CTX
200308_017_reg,3561.24178,4683.22562,3071.13662,AIv,AIv-5,CTX
195822_010_reg,3228.08708,4287.09566,3521.00987,AIv,AIv-5,CTX
200308_023_reg,3608.14019,4776.87819,3426.69582,AIv,AIv-5,CTX
195042_030_reg,4425.41306,5235.98902,2457.4339,AIv,AIv-5,CTX
195833_068_reg,4078.62414,5175.78387,2817.1835,AIv,AIv-5,CTX
195822_005_reg,3539.66943,4507.71948,3291.91692,AIv,AIv-5,CTX
195839_187_reg,3242.94214,4852.48401,3227.02464,AIv,AIv-2/3,CTX
195826_050_reg,2999.8581,4621.99566,3596.06987,AIv,AIv-2/3,CTX
195822_007_reg,3408.11176,4544.74564,3345.29819,AIv,AIv-5,CTX
195045_041_reg,4123.20307,5213.54654,2535.04651,AIv,AIv-2/3,CTX
201401_017_reg,3705.06875,4623.76436,3647.85996,AIv,AIv-5,CTX
195041_035_reg,3845.00356,5088.74931,2691.7628,AIv,AIv-2/3,CTX
195833_029_reg,3508.38622,4874.98511,2946.40322,AIv,AIv-5,CTX
200310_039_reg,3641.39935,4834.96552,3388.20217,AIv,AIv-5,CTX
195833_007_reg,4057.2106,5238.08264,2588.19372,AIv,AIv-2/3,CTX
195042_036_reg,4033.90168,4936.13584,2575.8966,AIv,AIv-5,CTX
195046_028_reg,3891.71847,5038.91042,2552.70219,AIv,AIv-2/3,CTX
195834_013_reg,4044.83662,4963.22301,2747.33821,AIv,AIv-5,CTX
195833_062_reg,3735.52132,5036.08798,2682.53534,AIv,AIv-2/3,CTX
200307_010_reg,3369.05511,4600.08232,3325.64568,AIv,AIv-5,CTX
195840_020_reg,3375.13016,4744.08145,2981.69911,AIv,AIv-5,CTX
195041_082_reg,4189.31759,5128.50426,2327.90811,AIv,AIv-2/3,CTX
195820_065_reg,3229.44368,4755.73711,3387.5649,AIv,AIv-2/3,CTX
195045_004_reg,3379.63961,4592.44037,3394.74737,AIv,AIv-5,CTX
195045_028_reg,4028.27873,4913.35671,2726.76868,AIv,AIv-5,CTX
200311_013_reg,3448.28174,4975.80297,3098.33677,AIv,AIv-2/3,CTX
200307_002_reg,3353.74533,4638.9418,3282.6672,AIv,AIv-5,CTX
195833_057_reg,3752.72764,5241.19716,2903.46759,AIv,AIv-2/3,CTX
195822_044_reg,3388.44691,4760.19041,3518.11411,AIv,AIv-2/3,CTX
195041_032_reg,3918.89072,4958.03453,2537.74511,AIv,AIv-5,CTX
194784_016_reg,2454.16501,4118.3243,3765.31186,AId,AId-2/3,CTX
195840_019_reg,3447.62068,4690.29115,2932.07354,AId,AId-5,CTX
200308_005_reg,3676.21221,4559.05163,2847.49182,AId,AId-5,CTX
195046_042_reg,3806.17749,4012.59637,3326.39644,AId,AId-6a,CTX
195834_011_reg,4003.29781,4856.5303,2750.74758,AId,AId-5,CTX
200314_039_reg,3249.67881,3902.81249,3374.77051,AId,AId-5,CTX
200313_063_reg,4113.60538,4765.47175,2026.23939,AId,AId-2/3,CTX
195822_018_reg,2763.68372,4099.32056,3685.60065,AId,AId-5,CTX
17896_006_reg,2233.52269,3713.71624,3824.56526,AId,AId-2/3,CTX
194779_063_reg,2129.35832,3471.4838,3718.28999,AId,AId-2/3,CTX
195041_011_reg,3366.68614,4784.62171,2902.35496,AId,AId-2/3,CTX
195839_164_reg,3510.6467,4562.84538,2948.42332,AId,AId-5,CTX
194785_011_reg,2394.23525,3792.35569,3544.35119,AId,AId-2/3,CTX
194780_043_reg,2391.19824,3706.42607,3767.88603,AId,AId-2/3,CTX
200310_018_reg,3549.26971,4487.66493,3090.60361,AId,AId-5,CTX
200306_001_reg,3620.96729,4342.9297,3153.3124,AId,AId-5,CTX
195043_049_reg,3619.92874,4297.56382,3368.68637,AId,AId-6a,CTX
194779_076_reg,2454.19734,3915.525,3686.04501,AId,AId-2/3,CTX
194782_133_reg,2428.63841,4070.87123,3670.11692,AId,AId-2/3,CTX
195834_044_reg,3009.85243,4458.22387,3029.03443,AId,AId-2/3,CTX
200307_003_reg,3367.18418,4430.07203,3202.6562,AId,AId-5,CTX
195041_010_reg,3855.45404,4645.89268,2225.39919,AId,AId-2/3,CTX
195044_018_reg,3563.78494,4329.43006,2924.38917,AId,AId-5,CTX
195045_075_reg,3072.78693,4364.97015,2903.98351,AId,AId-2/3,CTX
200310_025_reg,3356.03085,4203.42787,3010.05272,AId,AId-5,CTX
194782_022_reg,2113.24148,3491.12801,3773.97613,AId,AId-2/3,CTX
200307_009_reg,3713.75212,4678.56966,3038.3917,AId,AId-5,CTX
194779_064_reg,2305.91112,3579.797,3738.47738,AId,AId-2/3,CTX
194784_020_reg,2598.46384,3830.68979,3780.01145,AId,AId-5,CTX
195044_031_reg,3852.24018,4643.08155,2609.502,AId,AId-5,CTX
200308_046_reg,3245.89284,4522.43144,3016.96667,AId,AId-5,CTX
194786_023_reg,2564.11378,3697.59863,3558.41178,AId,AId-5,CTX
200313_027_reg,3422.3302,4472.01558,2959.41704,AId,AId-5,CTX
200308_031_reg,3275.46108,4562.79389,2929.37248,AId,AId-2/3,CTX
200310_009_reg,3272.6893,4609.55831,3051.55644,AId,AId-5,CTX
200307_011_reg,3606.61943,4560.26225,3170.35027,AId,AId-5,CTX
200310_023_reg,3256.75546,4360.47257,3096.98519,AId,AId-5,CTX
194779_108_reg,2337.22503,3543.456,3495.14429,AId,AId-2/3,CTX
194784_014_reg,2402.0258,3933.04727,3702.91426,AId,AId-2/3,CTX
200313_029_reg,2995.57477,4361.19492,2973.38652,AId,AId-2/3,CTX
200310_014_reg,3183.63413,4176.13226,2849.84605,AId,AId-2/3,CTX
195042_034_reg,3584.77427,4508.74332,2848.0436,AId,AId-5,CTX
195042_012_reg,3856.99132,4593.9707,2591.43745,AId,AId-5,CTX
195839_200_reg,3430.40693,4208.67352,3171.88439,AId,AId-5,CTX
201400_026_reg,3086.62165,3633.33798,3642.49549,AId,AId-6a,CTX
200308_011_reg,3376.79182,4759.66794,2814.03674,AId,AId-2/3,CTX
195819_007_reg,2602.66143,3798.88292,3657.88794,AId,AId-5,CTX
201398_029_reg,2774.26288,3554.5728,3819.63927,AId,AId-5,CTX
194783_019_reg,2628.5732,3889.29086,3536.68277,AId,AId-5,CTX
194779_071_reg,2459.21266,3941.59539,3556.66126,AId,AId-2/3,CTX
195046_022_reg,3672.50378,4678.85761,2605.73235,AId,AId-5,CTX
194783_041_reg,2432.36541,3707.66716,3694.92061,AId,AId-2/3,CTX
195045_016_reg,3196.35677,4169.72356,2987.52554,AId,AId-5,CTX
200314_037_reg,3018.85175,4394.47752,3335.02138,AId,AId-5,CTX
200306_014_reg,3691.09833,4302.42658,3224.61314,AId,AId-6a,CTX
200310_024_reg,3112.85215,4501.8543,3183.94285,AId,AId-5,CTX
195042_002_reg,3731.09236,4427.38232,2144.77477,AId,AId-2/3,CTX
195822_031_reg,3017.33291,4525.59985,3286.38527,AId,AId-2/3,CTX
200314_038_reg,2983.0247,4441.26218,3257.92286,AId,AId-2/3,CTX
195822_014_reg,2686.05381,3730.35285,3608.99085,AId,AId-5,CTX
194785_008_reg,2844.07949,3859.31502,3584.26083,AId,AId-5,CTX
200307_012_reg,3537.48446,4426.2789,3148.84187,AId,AId-5,CTX
200313_074_reg,4486.30089,4860.66659,2191.26136,AId,AId-5,CTX
195046_037_reg,3586.52152,4786.30444,2750.9918,AId,AId-5,CTX
195840_015_reg,3560.22955,4614.20725,3087.61682,AId,AId-5,CTX
194780_031_reg,2506.03001,3488.74264,3647.72294,AId,AId-5,CTX
195046_043_reg,3859.91839,4670.67202,2479.48428,AId,AId-5,CTX
200314_021_reg,3410.36272,3835.90821,3562.50707,AId,AId-6a,CTX
195045_042_reg,3706.3101,4788.04784,2493.64549,AId,AId-2/3,CTX
200314_003_reg,3863.25037,4736.557,2444.75188,AId,AId-5,CTX
195044_026_reg,4051.32178,4759.05016,2936.97277,AId,AId-6a,CTX
195046_032_reg,3982.49037,4456.27078,2462.42973,AId,AId-5,CTX
194778_013_reg,2507.62599,3794.00382,3613.01823,AId,AId-2/3,CTX
194781_070_reg,2495.77126,3699.80522,3472.82156,AId,AId-2/3,CTX
200313_004_reg,3408.25009,4452.55309,2733.33486,AId,AId-2/3,CTX
200308_009_reg,3486.87218,4466.24014,2974.14214,AId,AId-5,CTX
194784_018_reg,2437.56641,3984.40704,3758.8839,AId,AId-2/3,CTX
195041_037_reg,3774.69534,4860.14427,2588.20623,AId,AId-5,CTX
195043_001_reg,4144.34749,4669.49761,2305.1346,AId,AId-5,CTX
200314_048_reg,3646.78727,4700.98081,2575.5369,AId,AId-5,CTX
195045_067_reg,3757.47108,4488.84569,2198.48427,AId,AId-2/3,CTX
194780_007_reg,2739.9925,3757.82669,3451.89421,AId,AId-5,CTX
195834_027_reg,3231.35713,4460.73106,2948.07051,AId,AId-2/3,CTX
195839_203_reg,3372.38662,4483.10753,2919.35504,AId,AId-5,CTX
195045_061_reg,3200.90255,4157.4505,2862.98223,AId,AId-2/3,CTX
195841_039_reg,3241.05919,4389.16688,3246.56597,AId,AId-5,CTX
200314_027_reg,4004.37589,4818.7704,2377.01778,AId,AId-5,CTX
200314_045_reg,4155.2028,4595.03963,2680.52632,AId,AId-6a,CTX
195041_043_reg,3478.20713,4575.04167,2878.30519,AId,AId-5,CTX
200307_019_reg,3664.70016,4601.2468,3115.32203,AId,AId-5,CTX
194786_016_reg,2506.62788,3865.11736,3539.62811,AId,AId-2/3,CTX
195822_033_reg,2353.66283,3791.54478,3632.45472,AId,AId-2/3,CTX
194786_024_reg,2325.79211,3708.08349,3438.05055,AId,AId-2/3,CTX
200314_028_reg,3928.85974,4662.26681,2430.89609,AId,AId-5,CTX
195043_011_reg,3673.18209,4029.55271,3367.40876,AId,AId-6a,CTX
194783_015_reg,2540.12125,3604.67298,3436.53317,AId,AId-2/3,CTX
201398_033_reg,2802.22071,3434.27183,3674.73249,AId,AId-5,CTX
194785_032_reg,2448.12093,3860.99991,3393.12134,AId,AId-2/3,CTX
194780_018_reg,2508.69043,3979.37012,3656.16891,AId,AId-2/3,CTX
194784_012_reg,2487.87957,3800.77643,3660.44183,AId,AId-2/3,CTX
194779_015_reg,2122.14864,2754.97404,5156.21666,FRP,FRP-2/3,CTX
200297_031_reg,2334.98768,2805.44471,4634.12205,FRP,FRP-5,CTX
200299_046_reg,2529.47256,2786.53065,4390.57447,FRP,FRP-5,CTX
200297_030_reg,2408.61884,2914.26892,4375.06588,FRP,FRP-5,CTX
201575_036_reg,2376.56812,2827.75699,5012.18593,FRP,FRP-5,CTX
200290_018_reg,2733.01745,2845.84868,4591.49599,FRP,FRP-6a,CTX
194782_046_reg,2005.19691,2875.55418,3984.10411,FRP,FRP-1,CTX
200295_009_reg,2800.01384,2899.96389,4311.40025,FRP,FRP-6a,CTX
201398_027_reg,2851.9241,2910.73184,4253.19958,FRP,FRP-6a,CTX
200299_003_reg,2666.33346,2965.95471,4299.59264,FRP,FRP-5,CTX
192106_110_reg,2167.41748,2936.92341,4446.35078,FRP,FRP-2/3,CTX
200582_055_reg,2027.54948,2986.75827,5281.45503,FRP,FRP-1,CTX
194781_019_reg,2274.21584,2687.51807,4723.11706,FRP,FRP-5,CTX
200582_035_reg,1990.63698,2592.90276,5051.2546,FRP,FRP-2/3,CTX
201571_028_reg,2312.3302,2743.95324,4990.18099,FRP,FRP-5,CTX
200293_089_reg,2837.95488,2854.89732,4244.60817,FRP,FRP-6a,CTX
201572_016_reg,2138.26316,2597.99966,5096.5771,FRP,FRP-5,CTX
194779_087_reg,1962.63477,2731.9116,4943.04713,FRP,FRP-2/3,CTX
201575_038_reg,2248.08879,2812.2673,5073.94949,FRP,FRP-5,CTX
194786_091_reg,1996.52033,2960.0023,4469.27499,FRP,FRP-1,CTX
196549_007_reg,2351.71672,2682.98216,4394.485,FRP,FRP-5,CTX
201569_014_reg,3110.58511,2964.05327,4392.27393,FRP,FRP-6a,CTX
195817_015_reg,1969.18879,2693.87618,5198.02941,FRP,FRP-1,CTX
17897_058_reg,2967.79374,3102.35885,4115.94958,FRP,FRP-6a,CTX
201573_035_reg,2219.97819,2747.42657,5137.60205,FRP,FRP-5,CTX
201571_030_reg,2446.40706,2638.11043,4949.43365,FRP,FRP-5,CTX
201575_046_reg,2257.17238,2652.32737,5028.03089,FRP,FRP-5,CTX
201575_044_reg,2254.85818,2668.62962,5036.45956,FRP,FRP-5,CTX
195826_080_reg,1995.30597,2987.59651,4458.73513,FRP,FRP-1,CTX
201568_023_reg,2238.97868,2905.08538,5108.32644,FRP,FRP-5,CTX
201568_033_reg,2069.72324,2769.20272,5251.95133,FRP,FRP-2/3,CTX
200299_002_reg,2615.96615,2915.87474,4190.85647,FRP,FRP-5,CTX
200297_122_reg,2706.06201,2788.23245,4505.64724,FRP,FRP-5,CTX
201573_022_reg,2231.38699,2735.56085,5070.262,FRP,FRP-5,CTX
200294_014_reg,2425.12813,2569.79694,4739.1227,FRP,FRP-5,CTX
195826_008_reg,2243.57674,2875.23507,4344.25005,FRP,FRP-5,CTX
196548_035_reg,2536.65416,2681.37101,4636.18412,FRP,FRP-5,CTX
194782_049_reg,1997.57227,3076.47366,4328.69987,FRP,FRP-1,CTX
194782_117_reg,2071.2745,3120.79551,4200.09212,FRP,FRP-1,CTX
192310_094_reg,2111.30254,2438.94266,4685.17283,FRP,FRP-2/3,CTX
194786_076_reg,1975.69485,2953.84863,4512.83052,FRP,FRP-1,CTX
192106_159_reg,2373.04565,2686.76696,4565.66897,FRP,FRP-5,CTX
195826_079_reg,1999.08848,2803.53162,4608.7645,FRP,FRP-2/3,CTX
194781_018_reg,2296.50541,2747.66472,4743.99473,FRP,FRP-5,CTX
194779_004_reg,2104.30388,2663.33652,5179.37246,FRP,FRP-2/3,CTX
201575_039_reg,2159.97846,2876.31226,5158.6004,FRP,FRP-2/3,CTX
196548_039_reg,2560.68526,2597.56996,4669.66854,FRP,FRP-5,CTX
196549_019_reg,2646.03257,2681.8107,4514.63723,FRP,FRP-5,CTX
201573_021_reg,2408.6073,2824.65767,4873.59109,FRP,FRP-5,CTX
200293_087_reg,2701.7265,2937.42216,4161.46549,FRP,FRP-5,CTX
194782_047_reg,1985.75587,2994.37084,4154.44879,FRP,FRP-1,CTX
195826_051_reg,2005.5233,2855.35229,5023.52336,FRP,FRP-2/3,CTX
201571_008_reg,2582.22063,2619.93789,4826.95179,FRP,FRP-5,CTX
200299_042_reg,2530.78276,2674.57926,4371.65723,FRP,FRP-5,CTX
200299_001_reg,2545.65103,2735.23598,4481.26328,FRP,FRP-5,CTX
200295_003_reg,3020.85273,2892.49027,4440.83052,FRP,FRP-6a,CTX
194782_036_reg,2279.19259,3117.4605,4052.36734,FRP,FRP-5,CTX
194778_089_reg,2035.24681,2569.70054,5160.78028,FRP,FRP-2/3,CTX
200290_019_reg,2817.92677,2735.29866,4615.10546,FRP,FRP-6a,CTX
194779_017_reg,2185.52827,2724.44206,5134.85019,FRP,FRP-5,CTX
200299_047_reg,3042.73617,3023.24472,4196.02027,FRP,FRP-6a,CTX
195817_073_reg,2034.65669,2831.48969,5267.56117,FRP,FRP-2/3,CTX
201575_047_reg,2372.16325,2664.30266,5046.65333,FRP,FRP-5,CTX
192310_029_reg,2224.56592,2741.77351,4707.05602,FRP,FRP-5,CTX
192310_066_reg,2096.38687,2503.15862,4605.59706,FRP,FRP-2/3,CTX
194779_009_reg,2072.81449,2554.22543,5009.39917,FRP,FRP-2/3,CTX
17897_021_reg,2546.52951,2878.20646,4297.85342,FRP,FRP-5,CTX
194783_052_reg,2454.80815,2833.01447,4521.43783,FRP,FRP-5,CTX
194779_013_reg,2067.4177,2695.02757,5219.03759,FRP,FRP-2/3,CTX
201398_019_reg,2864.33854,2933.93121,4198.81294,FRP,FRP-6a,CTX
194778_101_reg,2021.22402,2733.22472,5060.05126,FRP,FRP-2/3,CTX
201574_037_reg,2093.86882,2679.73469,5106.62409,FRP,FRP-2/3,CTX
200582_040_reg,2285.12286,2733.89593,4867.14744,FRP,FRP-5,CTX
201575_041_reg,2081.66185,2915.62475,5239.1996,FRP,FRP-2/3,CTX
196548_016_reg,2153.70921,2617.35646,4980.17547,FRP,FRP-5,CTX
200295_004_reg,2979.23061,3010.18849,4350.66978,FRP,FRP-6a,CTX
201568_035_reg,2045.58513,2680.84345,5217.16967,FRP,FRP-2/3,CTX
192106_102_reg,2229.65676,2948.36859,4065.58311,FRP,FRP-2/3,CTX
17897_048_reg,2323.84816,2964.09004,4110.86624,FRP,FRP-5,CTX
196548_040_reg,2342.47145,2637.50898,4904.85279,FRP,FRP-5,CTX
200299_054_reg,3084.35438,3024.78769,4349.60777,FRP,FRP-6a,CTX
201568_019_reg,2002.10076,2843.83865,5337.5911,FRP,FRP-1,CTX
194782_058_reg,1974.81235,2949.35434,4235.44199,FRP,FRP-1,CTX
194779_002_reg,2211.92127,2674.97514,4978.69577,FRP,FRP-5,CTX
194778_098_reg,2038.73521,2726.49314,5250.19817,FRP,FRP-2/3,CTX
196549_006_reg,2434.89235,2568.60307,4548.43085,FRP,FRP-5,CTX
201575_037_reg,2550.94978,2848.32325,4905.49802,FRP,FRP-5,CTX
194786_055_reg,2005.22215,3015.93963,4329.00731,FRP,FRP-1,CTX
201575_045_reg,2181.37413,2664.2746,4993.3275,FRP,FRP-5,CTX
201575_043_reg,2378.12594,2697.05378,4920.75781,FRP,FRP-5,CTX
201573_003_reg,2810.47088,2795.42724,4390.13079,FRP,FRP-6a,CTX
201574_044_reg,2070.5364,2559.63072,4959.63694,FRP,FRP-2/3,CTX
200297_040_reg,2430.88636,2708.66377,4476.45402,FRP,FRP-5,CTX
200297_034_reg,2356.10273,2732.53619,4673.56215,FRP,FRP-5,CTX
17897_001_reg,2593.00968,2901.37969,4088.72243,FRP,FRP-5,CTX
200296_017_reg,2878.7217,2996.03809,4253.1417,FRP,FRP-6a,CTX
201571_024_reg,2085.29126,2739.5171,5131.19401,FRP,FRP-2/3,CTX
201571_032_reg,2298.11588,2689.87385,5103.15862,FRP,FRP-5,CTX
200296_008_reg,3008.0365,3009.03479,4347.61887,FRP,FRP-6a,CTX
196548_023_reg,2835.58583,2748.73082,4535.26028,FRP,FRP-6a,CTX
200295_071_reg,3276.52091,3354.52759,5280.31595,ILA,ILA-5,CTX
201763_013_reg,3342.88321,3447.32996,5043.66056,ILA,ILA-6a,CTX
195788_067_reg,3141.52276,3619.32624,5404.81951,ILA,ILA-5,CTX
201732_019_reg,3258.03097,3451.26771,5320.86354,ILA,ILA-5,CTX
200333_063_reg,3549.20582,3352.92331,5285.27235,ILA,ILA-5,CTX
200293_013_reg,3254.49721,3682.39214,5398.75302,ILA,ILA-5,CTX
201731_032_reg,3445.12153,3322.68927,4856.7353,ILA,ILA-6a,CTX
201732_037_reg,3201.14937,3404.02825,5453.68598,ILA,ILA-5,CTX
200295_046_reg,3770.69093,3530.6574,5389.0774,ILA,ILA-5,CTX
193869_012_reg,3784.57554,3698.29113,5368.45196,ILA,ILA-5,CTX
201730_016_reg,3565.34075,3652.5051,5276.68935,ILA,ILA-5,CTX
200296_043_reg,3534.82536,3905.00032,5337.95143,ILA,ILA-5,CTX
201763_044_reg,3257.78202,3343.4068,5203.15666,ILA,ILA-5,CTX
195788_043_reg,3550.68059,3535.26954,5335.41683,ILA,ILA-5,CTX
201767_011_reg,3232.93058,3478.7302,5360.56102,ILA,ILA-5,CTX
200296_039_reg,3585.59917,3541.43477,5525.86563,ILA,ILA-2/3,CTX
201767_012_reg,3453.12259,3415.15479,5397.95803,ILA,ILA-5,CTX
196550_082_reg,3675.30196,3511.13543,5203.52708,ILA,ILA-5,CTX
201786_031_reg,3272.12555,3528.56951,5264.60147,ILA,ILA-5,CTX
195838_079_reg,3739.99123,3850.40888,5330.86826,ILA,ILA-5,CTX
200320_048_reg,3560.8395,3478.22845,5291.41076,ILA,ILA-5,CTX
201763_014_reg,3591.6561,3380.45809,4981.60733,ILA,ILA-6a,CTX
195838_068_reg,3793.70058,3410.19615,5203.69912,ILA,ILA-5,CTX
200295_021_reg,3411.7688,4411.91253,5350.79381,ILA,ILA-5,CTX
201731_043_reg,3274.93734,3489.37208,5285.62907,ILA,ILA-5,CTX
201767_013_reg,3392.39648,3320.46975,5381.54995,ILA,ILA-5,CTX
200293_008_reg,3254.80337,3805.85823,5386.35393,ILA,ILA-5,CTX
201730_017_reg,3506.42394,3523.70867,5334.20176,ILA,ILA-5,CTX
200296_038_reg,3638.07975,3751.77172,5285.59827,ILA,ILA-5,CTX
200295_051_reg,3437.39305,3317.99471,5416.6335,ILA,ILA-5,CTX
200296_026_reg,3734.31789,3951.71196,5240.26759,ILA,ILA-6a,CTX
200320_006_reg,3366.86493,3461.6199,5117.64045,ILA,ILA-5,CTX
195788_040_reg,3086.40079,3266.73144,5429.93785,ILA,ILA-5,CTX
195788_042_reg,3468.46714,3442.18717,5257.30141,ILA,ILA-5,CTX
195839_141_reg,3807.07173,3530.76991,5285.49921,ILA,ILA-5,CTX
200295_055_reg,3590.1754,3484.25471,5124.66652,ILA,ILA-5,CTX
195788_038_reg,3455.81671,3381.51123,5122.25953,ILA,ILA-5,CTX
200293_001_reg,3146.00488,3501.29156,5341.70515,ILA,ILA-5,CTX
201784_034_reg,3691.36002,3357.84467,5384.39208,ILA,ILA-5,CTX
201786_013_reg,3256.124,3735.128,5257.53349,ILA,ILA-5,CTX
200293_019_reg,3431.8005,4003.92035,5249.02333,ILA,ILA-5,CTX
200296_023_reg,3589.85024,3661.29059,5244.80201,ILA,ILA-5,CTX
201732_031_reg,3580.4613,3361.2545,5481.38893,ILA,ILA-2/3,CTX
200295_056_reg,3320.78916,3287.50115,5285.89797,ILA,ILA-5,CTX
195788_068_reg,3395.79954,3826.08185,5407.10068,ILA,ILA-5,CTX
200293_028_reg,3246.28256,3961.62944,5447.38791,ILA,ILA-5,CTX
200297_106_reg,3533.93886,4203.03323,5172.24938,ILA,ILA-6a,CTX
200297_079_reg,3493.14439,4179.49882,5246.02229,ILA,ILA-5,CTX
195788_064_reg,3293.35567,3583.89499,5162.82,ILA,ILA-5,CTX
200295_078_reg,3299.14706,3326.73231,5432.33958,ILA,ILA-5,CTX
201730_015_reg,3514.34131,3804.40578,5333.00602,ILA,ILA-5,CTX
201732_016_reg,3504.5892,3360.4011,4954.65534,ILA,ILA-6a,CTX
200331_030_reg,3531.23848,3681.89023,5015.24642,ILA,ILA-6a,CTX
195791_025_reg,3400.87017,4365.53163,5252.17707,ILA,ILA-5,CTX
195944_053_reg,3112.91495,3365.81727,5222.95426,ILA,ILA-5,CTX
195788_094_reg,3295.23261,3808.85784,5265.68278,ILA,ILA-5,CTX
201784_035_reg,3528.23678,3313.2604,5368.27823,ILA,ILA-5,CTX
201763_029_reg,3436.67228,3509.39082,5327.88496,ILA,ILA-5,CTX
200290_030_reg,3627.31899,4080.00263,4928.85066,ILA,ILA-6a,CTX
200296_052_reg,3602.54922,3961.06151,5371.80068,ILA,ILA-5,CTX
201765_059_reg,3327.22273,3319.64626,5262.64995,ILA,ILA-5,CTX
201732_028_reg,3495.6474,3454.5694,5278.96544,ILA,ILA-5,CTX
201731_049_reg,3347.36865,3386.78697,5338.8595,ILA,ILA-5,CTX
195841_084_reg,3722.13437,3479.26156,5297.83993,ILA,ILA-5,CTX
201762_025_reg,3396.22464,3637.80829,5108.5189,ILA,ILA-6a,CTX
200320_005_reg,3489.64541,3521.60178,5123.07474,ILA,ILA-5,CTX
200290_037_reg,3541.57193,3716.08111,4928.89733,ILA,ILA-6a,CTX
201786_001_reg,3524.81353,3670.04531,5440.40726,ILA,ILA-5,CTX
201732_030_reg,3425.69611,3359.77742,5353.5513,ILA,ILA-5,CTX
200295_060_reg,3045.06592,3297.11843,5343.32107,ILA,ILA-5,CTX
201731_042_reg,3269.88388,3311.44332,5345.53105,ILA,ILA-5,CTX
195839_142_reg,3689.29443,3519.95595,5239.73512,ILA,ILA-5,CTX
201731_053_reg,3449.81382,3380.98742,5241.54922,ILA,ILA-5,CTX
201786_032_reg,3300.02315,3533.57458,5129.66433,ILA,ILA-6a,CTX
200295_058_reg,3606.46083,3512.44759,5409.77202,ILA,ILA-5,CTX
201732_029_reg,3521.62048,3342.50791,5255.32352,ILA,ILA-5,CTX
200293_011_reg,3194.64517,3726.18712,5347.3429,ILA,ILA-5,CTX
201731_046_reg,3647.27781,3417.17543,5206.50978,ILA,ILA-5,CTX
200296_022_reg,3554.86637,3627.30957,5245.91776,ILA,ILA-5,CTX
201787_014_reg,3239.01006,3265.9941,5360.89207,ILA,ILA-5,CTX
195788_069_reg,3395.86953,3844.81709,5332.03602,ILA,ILA-5,CTX
195788_052_reg,3745.00273,3517.76078,5330.01591,ILA,ILA-5,CTX
201574_049_reg,3074.27244,3280.19527,5451.3041,ILA,ILA-5,CTX
201787_019_reg,3208.89011,3372.57287,5265.10902,ILA,ILA-5,CTX
200299_025_reg,3503.60984,4244.13111,5061.07456,ILA,ILA-6a,CTX
201732_020_reg,3501.46202,3564.352,4996.45187,ILA,ILA-6a,CTX
200333_074_reg,3435.53366,3410.5405,5250.77255,ILA,ILA-5,CTX
201767_014_reg,3472.36115,3380.64915,5096.23192,ILA,ILA-6a,CTX
195839_138_reg,3860.21002,3550.3608,5166.47774,ILA,ILA-6a,CTX
200296_032_reg,3734.44431,3480.90868,5231.75325,ILA,ILA-5,CTX
200320_004_reg,3429.90876,3690.97873,5224.29281,ILA,ILA-5,CTX
200295_063_reg,3523.50647,4246.33391,5218.76273,ILA,ILA-6a,CTX
193869_001_reg,3562.56974,3393.14326,5286.05769,ILA,ILA-5,CTX
201730_014_reg,3580.39906,3768.10594,5299.89317,ILA,ILA-5,CTX
200320_047_reg,3436.70774,3476.68229,5266.75608,ILA,ILA-5,CTX
200295_039_reg,3442.63869,3340.23087,5289.36847,ILA,ILA-5,CTX
195788_054_reg,3475.42635,3643.40396,5246.25189,ILA,ILA-5,CTX
200296_041_reg,3617.443,3910.40507,5112.34656,ILA,ILA-6a,CTX
200293_010_reg,3132.93636,3710.69335,5446.62608,ILA,ILA-5,CTX
200295_062_reg,3500.04613,3851.13367,5032.47087,ILA,ILA-6a,CTX
195049_013_reg,4345.17886,2466.35686,5225.93467,ACAv,ACAv-5,CTX
195831_032_reg,5142.88869,2234.47237,5352.08423,ACAv,ACAv-5,CTX
195839_100_reg,4481.94748,2884.77889,5314.52081,ACAv,ACAv-5,CTX
201388_028_reg,4411.20641,2478.30885,5221.81196,ACAv,ACAv-5,CTX
192981_049_reg,4765.82661,2694.58766,5344.67508,ACAv,ACAv-5,CTX
200196_050_reg,5195.46843,2486.53098,5308.25435,ACAv,ACAv-5,CTX
195199_058_reg,4813.4091,2324.92649,5417.05785,ACAv,ACAv-5,CTX
201388_018_reg,5051.24038,2282.83323,5086.22627,ACAv,ACAv-6a,CTX
195839_036_reg,5230.17624,2219.81962,5435.04664,ACAv,ACAv-5,CTX
195840_060_reg,4164.66727,2849.57269,5194.13475,ACAv,ACAv-5,CTX
195838_075_reg,4391.60074,2682.87032,5280.97411,ACAv,ACAv-5,CTX
195839_023_reg,5100.34834,2081.77283,5279.57386,ACAv,ACAv-5,CTX
201388_015_reg,5269.71582,2141.26787,5510.41477,ACAv,ACAv-2/3,CTX
200196_025_reg,5097.4867,2301.39496,5187.99368,ACAv,ACAv-5,CTX
201388_003_reg,5158.28805,2282.69615,5400.36031,ACAv,ACAv-5,CTX
195840_119_reg,5287.2352,2239.91662,5317.54177,ACAv,ACAv-5,CTX
192982_065_reg,5011.47296,2375.16026,5519.84638,ACAv,ACAv-2/3,CTX
201388_048_reg,4604.59458,2562.29799,5386.84218,ACAv,ACAv-5,CTX
195829_030_reg,4193.42309,2545.5909,5220.43801,ACAv,ACAv-5,CTX
195829_005_reg,4058.98031,3273.34061,5374.23221,ACAv,ACAv-5,CTX
195831_014_reg,4856.10903,2554.25937,5323.5558,ACAv,ACAv-5,CTX
195832_013_reg,5188.57159,2209.22117,5259.66781,ACAv,ACAv-5,CTX
195827_017_reg,5442.46534,2232.9467,5464.04831,ACAv,ACAv-2/3,CTX
201393_023_reg,4795.62775,2598.64626,5189.40257,ACAv,ACAv-5,CTX
200194_076_reg,4911.54066,2432.46511,5543.74771,ACAv,ACAv-2/3,CTX
192982_024_reg,4699.0863,2454.4379,5339.50233,ACAv,ACAv-5,CTX
193873_008_reg,4640.27904,2625.46921,5210.08577,ACAv,ACAv-5,CTX
192982_003_reg,4358.80547,2761.09458,5478.42565,ACAv,ACAv-2/3,CTX
195828_047_reg,4505.83123,2568.54342,5297.01622,ACAv,ACAv-5,CTX
195841_004_reg,5244.57833,2330.87252,5282.32241,ACAv,ACAv-5,CTX
192982_035_reg,4944.93109,2475.37892,5375.3309,ACAv,ACAv-5,CTX
195841_070_reg,4623.5578,2861.1113,5421.33229,ACAv,ACAv-5,CTX
195832_004_reg,4580.21376,3018.87623,5383.1546,ACAv,ACAv-5,CTX
195839_084_reg,4032.67455,2752.15676,5092.82252,ACAv,ACAv-5,CTX
192982_066_reg,4784.50879,2575.99266,5481.99311,ACAv,ACAv-2/3,CTX
201390_028_reg,4793.6864,2188.00969,5183.75361,ACAv,ACAv-5,CTX
192982_038_reg,5021.81844,2395.16465,5498.18313,ACAv,ACAv-2/3,CTX
193871_011_reg,4308.61852,2276.81583,5505.4496,ACAv,ACAv-2/3,CTX
193869_013_reg,4969.73346,2448.94694,5397.40107,ACAv,ACAv-5,CTX
195831_004_reg,4349.76429,2894.47629,5221.89743,ACAv,ACAv-5,CTX
195829_017_reg,4690.77337,2455.24723,5396.5681,ACAv,ACAv-5,CTX
192982_028_reg,4736.53136,2748.8643,5469.96545,ACAv,ACAv-2/3,CTX
195840_150_reg,4783.97685,2375.05116,5422.7952,ACAv,ACAv-2/3,CTX
195049_026_reg,4830.37868,2583.42423,5296.05443,ACAv,ACAv-5,CTX
195832_042_reg,4728.60758,2739.20448,5107.35234,ACAv,ACAv-6a,CTX
192982_008_reg,4324.44278,2945.24662,5411.95758,ACAv,ACAv-5,CTX
200194_063_reg,4727.44073,2291.13069,5295.27386,ACAv,ACAv-5,CTX
201388_060_reg,5510.45369,2323.4085,5413.60236,ACAv,ACAv-5,CTX
193871_005_reg,4315.99712,3022.05893,5368.77399,ACAv,ACAv-5,CTX
192982_051_reg,4534.83508,2745.31984,5397.1398,ACAv,ACAv-5,CTX
192982_001_reg,4558.47093,2715.93446,5352.60232,ACAv,ACAv-5,CTX
195829_029_reg,4336.41796,2848.06231,5302.23368,ACAv,ACAv-5,CTX
195840_098_reg,4642.15362,2694.83037,5527.64139,ACAv,ACAv-2/3,CTX
193871_015_reg,4718.8516,2534.36399,5517.08942,ACAv,ACAv-2/3,CTX
195839_155_reg,5745.16584,1946.88679,5475.82276,ACAv,ACAv-2/3,CTX
195840_103_reg,5226.71104,2053.82489,5098.49144,ACAv,ACAv-6a,CTX
195841_019_reg,4925.77457,2022.52747,5412.91729,ACAv,ACAv-2/3,CTX
195841_030_reg,5604.24036,1982.35072,5468.26234,ACAv,ACAv-2/3,CTX
201760_031_reg,3953.7509,3080.37769,5357.79719,ACAv,ACAv-5,CTX
195840_081_reg,5081.58261,2092.59275,5537.30684,ACAv,ACAv-2/3,CTX
192981_028_reg,4945.68882,2378.92943,5400.62244,ACAv,ACAv-5,CTX
200196_037_reg,4502.37359,2656.63583,5302.01983,ACAv,ACAv-5,CTX
195838_035_reg,5115.84799,2274.4159,5306.06142,ACAv,ACAv-5,CTX
195199_092_reg,4609.23449,2448.19227,5469.08374,ACAv,ACAv-2/3,CTX
195840_069_reg,4133.18464,3256.33616,5359.18229,ACAv,ACAv-5,CTX
192981_038_reg,4489.40912,2912.14148,5438.30105,ACAv,ACAv-2/3,CTX
195199_022_reg,5170.24709,2162.28279,5250.59181,ACAv,ACAv-5,CTX
195199_074_reg,4555.83242,2232.80874,5394.7925,ACAv,ACAv-5,CTX
195840_139_reg,5476.68727,2100.19793,5235.50417,ACAv,ACAv-5,CTX
200321_022_reg,4170.1604,2313.34566,5485.58405,ACAv,ACAv-2/3,CTX
195199_036_reg,5419.76112,1869.4427,5383.35584,ACAv,ACAv-5,CTX
195832_007_reg,4876.48625,2551.36555,5103.08297,ACAv,ACAv-6a,CTX
195839_068_reg,5526.03091,2081.15421,5345.6782,ACAv,ACAv-5,CTX
195830_011_reg,4961.98425,2313.58099,5224.19656,ACAv,ACAv-5,CTX
195840_067_reg,4209.99816,3138.37904,5372.4973,ACAv,ACAv-5,CTX
195839_136_reg,4021.55714,3221.69409,5125.13645,ACAv,ACAv-6a,CTX
195199_043_reg,4665.69573,2337.24016,5243.81426,ACAv,ACAv-5,CTX
192981_030_reg,4826.19903,2466.32892,5403.47325,ACAv,ACAv-5,CTX
195828_081_reg,5225.33771,2415.55761,5508.8498,ACAv,ACAv-2/3,CTX
195199_073_reg,4530.25588,2383.6994,5257.28191,ACAv,ACAv-5,CTX
195841_006_reg,5122.81062,2093.55705,5283.43686,ACAv,ACAv-5,CTX
193869_014_reg,4695.59493,2498.76787,5396.84857,ACAv,ACAv-5,CTX
195828_011_reg,5026.09448,2291.83793,5332.83922,ACAv,ACAv-5,CTX
201389_007_reg,5421.62033,2268.83246,5240.8346,ACAv,ACAv-5,CTX
195831_006_reg,4241.98049,3270.34401,5398.77501,ACAv,ACAv-5,CTX
195838_026_reg,4621.9779,2259.14144,5288.55407,ACAv,ACAv-5,CTX
195840_110_reg,5419.69927,2153.98851,5449.28223,ACAv,ACAv-2/3,CTX
200196_003_reg,4491.88894,2456.5606,5241.02483,ACAv,ACAv-5,CTX
192981_016_reg,5138.69122,2324.07357,5364.03034,ACAv,ACAv-5,CTX
195838_083_reg,4368.97011,2950.39935,5406.74475,ACAv,ACAv-5,CTX
195828_076_reg,4758.83434,2661.04414,5454.99419,ACAv,ACAv-2/3,CTX
195199_023_reg,5215.79257,2417.05446,5244.05921,ACAv,ACAv-5,CTX
195840_132_reg,4465.46929,2635.4194,5485.54415,ACAv,ACAv-2/3,CTX
195829_004_reg,4326.82453,3055.36413,5329.49947,ACAv,ACAv-5,CTX
195838_004_reg,4655.54717,2866.36346,5363.43191,ACAv,ACAv-5,CTX
195838_064_reg,4135.54052,3283.08751,5231.12174,ACAv,ACAv-5,CTX
195840_085_reg,5089.70459,2176.68857,5202.64002,ACAv,ACAv-5,CTX
201393_013_reg,4614.37944,2521.71311,5104.42407,ACAv,ACAv-6a,CTX
195831_003_reg,4146.88135,2684.76498,5192.33966,ACAv,ACAv-5,CTX
192981_050_reg,4853.09653,2707.55375,5392.52465,ACAv,ACAv-5,CTX
